-- English App data import for Supabase
SET session_replication_role = 'replica';

-- users
INSERT INTO "users" ("id", "username", "email", "password", "full_name", "avatar", "dob", "role", "is_active", "created_at", "updated_at", "total_exp", "level") VALUES (1,'admin','admin@englishapp.com','$2a$10$92IXUNpkjO0rOQ5byMi.Ye4oKoEa3Ro9llC/.og/at2.uheWG/igi','Administrator',NULL,'2004-12-18','admin',1,'2026-05-03 18:57:09','2026-05-28 15:39:40',2023,6);
INSERT INTO "users" ("id", "username", "email", "password", "full_name", "avatar", "dob", "role", "is_active", "created_at", "updated_at", "total_exp", "level") VALUES (2,'Dĩ Cẩn ','tt7365590@gmail.com','$2a$10$UAjRfspAEY3cKHD3bHndMedyYm4uU25nf2cAyrCdOdPGphJnuleDu','Trần Nguyễn Thị Thu Thủy',NULL,NULL,'user',1,'2026-05-03 20:04:08','2026-05-03 20:04:08',0,1);
INSERT INTO "users" ("id", "username", "email", "password", "full_name", "avatar", "dob", "role", "is_active", "created_at", "updated_at", "total_exp", "level") VALUES (3,'nguyenvana','nguyenvana@gmail.com','$2a$10$92IXUNpkjO0rOQ5byMi.Ye4oKoEa3Ro9llC/.og/at2.uheWG/igi','Nguyễn Văn A',NULL,NULL,'user',1,'2026-05-03 20:09:53','2026-05-03 20:09:53',0,1);
INSERT INTO "users" ("id", "username", "email", "password", "full_name", "avatar", "dob", "role", "is_active", "created_at", "updated_at", "total_exp", "level") VALUES (4,'tranthib','tranthib@gmail.com','$2a$10$92IXUNpkjO0rOQ5byMi.Ye4oKoEa3Ro9llC/.og/at2.uheWG/igi','Trần Thị B',NULL,NULL,'user',1,'2026-05-03 20:09:53','2026-05-03 20:09:53',0,1);
INSERT INTO "users" ("id", "username", "email", "password", "full_name", "avatar", "dob", "role", "is_active", "created_at", "updated_at", "total_exp", "level") VALUES (5,'lehoanc','lehoangc@gmail.com','$2a$10$92IXUNpkjO0rOQ5byMi.Ye4oKoEa3Ro9llC/.og/at2.uheWG/igi','Lê Hoàng C',NULL,NULL,'user',1,'2026-05-03 20:09:53','2026-05-03 20:09:53',0,1);
INSERT INTO "users" ("id", "username", "email", "password", "full_name", "avatar", "dob", "role", "is_active", "created_at", "updated_at", "total_exp", "level") VALUES (6,'Xuyên','trachxuyen@gmail.com','$2a$10$l2vL0e.nB0CPjWFqvgi5EOVH9.uGW.pl04o6RK3UWO28hB93zRb8y','Trạch Xuyên',NULL,NULL,'user',1,'2026-05-07 21:49:07','2026-05-17 15:38:08',455,2);

-- achievements
INSERT INTO "achievements" ("id", "code", "name", "description", "icon", "category", "exp_reward", "rarity") VALUES (1,'first_word','First Steps','Học từ vựng đầu tiên','🌱','vocab',20,'common');
INSERT INTO "achievements" ("id", "code", "name", "description", "icon", "category", "exp_reward", "rarity") VALUES (2,'words_10','Budding Scholar','Học 10 từ vựng','📖','vocab',30,'common');
INSERT INTO "achievements" ("id", "code", "name", "description", "icon", "category", "exp_reward", "rarity") VALUES (3,'words_100','Word Collector','Học 100 từ vựng','📚','vocab',100,'rare');
INSERT INTO "achievements" ("id", "code", "name", "description", "icon", "category", "exp_reward", "rarity") VALUES (4,'words_500','Lexicon Keeper','Học 500 từ vựng','🗝️','vocab',300,'epic');
INSERT INTO "achievements" ("id", "code", "name", "description", "icon", "category", "exp_reward", "rarity") VALUES (5,'words_1000','Archivist','Học 1000 từ vựng','🏛️','vocab',700,'legendary');
INSERT INTO "achievements" ("id", "code", "name", "description", "icon", "category", "exp_reward", "rarity") VALUES (6,'first_grammar','Grammar Initiate','Hoàn thành bài ngữ pháp đầu tiên','✏️','grammar',30,'common');
INSERT INTO "achievements" ("id", "code", "name", "description", "icon", "category", "exp_reward", "rarity") VALUES (7,'grammar_perfect','Perfect Grammarian','Đạt 100% một bài ngữ pháp','⭐','grammar',80,'rare');
INSERT INTO "achievements" ("id", "code", "name", "description", "icon", "category", "exp_reward", "rarity") VALUES (8,'grammar_10','Scholar','Hoàn thành 10 bài ngữ pháp','🎓','grammar',150,'rare');
INSERT INTO "achievements" ("id", "code", "name", "description", "icon", "category", "exp_reward", "rarity") VALUES (9,'grammar_30','Grand Scholar','Hoàn thành 30 bài ngữ pháp','🧙','grammar',400,'epic');
INSERT INTO "achievements" ("id", "code", "name", "description", "icon", "category", "exp_reward", "rarity") VALUES (10,'first_toeic','Test Taker','Hoàn thành đề thi đầu tiên','📝','toeic',50,'common');
INSERT INTO "achievements" ("id", "code", "name", "description", "icon", "category", "exp_reward", "rarity") VALUES (11,'toeic_300','Bronze Candidate','Đạt 300+ điểm TOEIC','🥉','toeic',100,'common');
INSERT INTO "achievements" ("id", "code", "name", "description", "icon", "category", "exp_reward", "rarity") VALUES (12,'toeic_500','Silver Candidate','Đạt 500+ điểm TOEIC','🥈','toeic',200,'rare');
INSERT INTO "achievements" ("id", "code", "name", "description", "icon", "category", "exp_reward", "rarity") VALUES (13,'toeic_700','Gold Candidate','Đạt 700+ điểm TOEIC','🥇','toeic',400,'epic');
INSERT INTO "achievements" ("id", "code", "name", "description", "icon", "category", "exp_reward", "rarity") VALUES (14,'toeic_900','Celestia Expert','Đạt 900+ điểm TOEIC','💎','toeic',800,'legendary');
INSERT INTO "achievements" ("id", "code", "name", "description", "icon", "category", "exp_reward", "rarity") VALUES (15,'streak_3','Warming Up','Học 3 ngày liên tục','🔥','streak',50,'common');
INSERT INTO "achievements" ("id", "code", "name", "description", "icon", "category", "exp_reward", "rarity") VALUES (16,'streak_7','Week Warrior','Học 7 ngày liên tục','⚡','streak',150,'rare');
INSERT INTO "achievements" ("id", "code", "name", "description", "icon", "category", "exp_reward", "rarity") VALUES (17,'streak_30','Monthly Champion','Học 30 ngày liên tục','👑','streak',600,'legendary');

-- vocab_topics
INSERT INTO "vocab_topics" ("id", "name", "description", "category", "thumbnail", "created_by", "created_at", "updated_at", "difficulty", "status") VALUES (1,'Giao tiếp hàng ngày','Các từ vựng thông dụng trong giao tiếp hàng ngày','Giao tiếp',NULL,1,'2026-05-03 20:09:53','2026-05-03 20:09:53','beginner','published');
INSERT INTO "vocab_topics" ("id", "name", "description", "category", "thumbnail", "created_by", "created_at", "updated_at", "difficulty", "status") VALUES (2,'TOEIC - Văn phòng','Từ vựng TOEIC chủ đề văn phòng và công việc','TOEIC',NULL,1,'2026-05-03 20:09:53','2026-05-03 20:09:53','beginner','published');
INSERT INTO "vocab_topics" ("id", "name", "description", "category", "thumbnail", "created_by", "created_at", "updated_at", "difficulty", "status") VALUES (3,'TOEIC - Du lịch','Từ vựng TOEIC chủ đề du lịch và vận chuyển','TOEIC',NULL,1,'2026-05-03 20:09:53','2026-05-03 20:09:53','beginner','published');
INSERT INTO "vocab_topics" ("id", "name", "description", "category", "thumbnail", "created_by", "created_at", "updated_at", "difficulty", "status") VALUES (4,'IELTS - Môi trường','Từ vựng IELTS chủ đề môi trường và thiên nhiên','IELTS',NULL,1,'2026-05-03 20:09:53','2026-05-03 20:09:53','beginner','published');
INSERT INTO "vocab_topics" ("id", "name", "description", "category", "thumbnail", "created_by", "created_at", "updated_at", "difficulty", "status") VALUES (5,'IELTS - Công nghệ','Từ vựng IELTS chủ đề công nghệ và đổi mới','IELTS',NULL,1,'2026-05-03 20:09:53','2026-05-03 20:09:53','beginner','published');
INSERT INTO "vocab_topics" ("id", "name", "description", "category", "thumbnail", "created_by", "created_at", "updated_at", "difficulty", "status") VALUES (6,'Học thuật - Khoa học','Từ vựng học thuật trong lĩnh vực khoa học','Học thuật',NULL,1,'2026-05-03 20:09:53','2026-05-03 20:09:53','beginner','published');

-- flashcards
INSERT INTO "flashcards" ("id", "topic_id", "word", "phonetic", "meaning", "example", "audio_url", "image_url", "created_at", "updated_at", "word_type", "notes") VALUES (1,1,'greet','/ɡriːt/','chào hỏi','She always greets her colleagues with a smile.',NULL,NULL,'2026-05-03 20:09:53','2026-05-03 20:09:53',NULL,NULL);
INSERT INTO "flashcards" ("id", "topic_id", "word", "phonetic", "meaning", "example", "audio_url", "image_url", "created_at", "updated_at", "word_type", "notes") VALUES (2,1,'apologize','/əˈpɒlədʒaɪz/','xin lỗi','I apologize for being late to the meeting.',NULL,NULL,'2026-05-03 20:09:53','2026-05-03 20:09:53',NULL,NULL);
INSERT INTO "flashcards" ("id", "topic_id", "word", "phonetic", "meaning", "example", "audio_url", "image_url", "created_at", "updated_at", "word_type", "notes") VALUES (3,1,'introduce','/ˌɪntrəˈdjuːs/','giới thiệu','Let me introduce myself. My name is John.',NULL,NULL,'2026-05-03 20:09:53','2026-05-03 20:09:53',NULL,NULL);
INSERT INTO "flashcards" ("id", "topic_id", "word", "phonetic", "meaning", "example", "audio_url", "image_url", "created_at", "updated_at", "word_type", "notes") VALUES (4,1,'appreciate','/əˈpriːʃieɪt/','trân trọng, đánh giá cao','I appreciate your help with this project.',NULL,NULL,'2026-05-03 20:09:53','2026-05-03 20:09:53',NULL,NULL);
INSERT INTO "flashcards" ("id", "topic_id", "word", "phonetic", "meaning", "example", "audio_url", "image_url", "created_at", "updated_at", "word_type", "notes") VALUES (5,1,'grateful','/ˈɡreɪtfəl/','biết ơn','I am grateful for everything you have done.',NULL,NULL,'2026-05-03 20:09:53','2026-05-03 20:09:53',NULL,NULL);
INSERT INTO "flashcards" ("id", "topic_id", "word", "phonetic", "meaning", "example", "audio_url", "image_url", "created_at", "updated_at", "word_type", "notes") VALUES (6,1,'polite','/pəˈlaɪt/','lịch sự','It is important to be polite in conversations.',NULL,NULL,'2026-05-03 20:09:53','2026-05-03 20:09:53',NULL,NULL);
INSERT INTO "flashcards" ("id", "topic_id", "word", "phonetic", "meaning", "example", "audio_url", "image_url", "created_at", "updated_at", "word_type", "notes") VALUES (7,1,'schedule','/ˈʃedjuːl/','lịch trình, sắp xếp','Can we schedule a meeting for tomorrow?',NULL,NULL,'2026-05-03 20:09:53','2026-05-03 20:09:53',NULL,NULL);
INSERT INTO "flashcards" ("id", "topic_id", "word", "phonetic", "meaning", "example", "audio_url", "image_url", "created_at", "updated_at", "word_type", "notes") VALUES (8,1,'confirm','/kənˈfɜːm/','xác nhận','Please confirm your attendance by Friday.',NULL,NULL,'2026-05-03 20:09:53','2026-05-03 20:09:53',NULL,NULL);
INSERT INTO "flashcards" ("id", "topic_id", "word", "phonetic", "meaning", "example", "audio_url", "image_url", "created_at", "updated_at", "word_type", "notes") VALUES (9,1,'postpone','/pəʊstˈpəʊn/','hoãn lại','We had to postpone the event due to rain.',NULL,NULL,'2026-05-03 20:09:53','2026-05-03 20:09:53',NULL,NULL);
INSERT INTO "flashcards" ("id", "topic_id", "word", "phonetic", "meaning", "example", "audio_url", "image_url", "created_at", "updated_at", "word_type", "notes") VALUES (10,1,'cancel','/ˈkænsəl/','hủy bỏ','The flight was cancelled because of the storm.',NULL,NULL,'2026-05-03 20:09:53','2026-05-03 20:09:53',NULL,NULL);
INSERT INTO "flashcards" ("id", "topic_id", "word", "phonetic", "meaning", "example", "audio_url", "image_url", "created_at", "updated_at", "word_type", "notes") VALUES (11,2,'agenda','/əˈdʒendə/','chương trình nghị sự','The agenda for today''s meeting includes budget review.',NULL,NULL,'2026-05-03 20:09:53','2026-05-03 20:09:53',NULL,NULL);
INSERT INTO "flashcards" ("id", "topic_id", "word", "phonetic", "meaning", "example", "audio_url", "image_url", "created_at", "updated_at", "word_type", "notes") VALUES (12,2,'deadline','/ˈdedlaɪn/','thời hạn chót','The deadline for the project is next Monday.',NULL,NULL,'2026-05-03 20:09:53','2026-05-03 20:09:53',NULL,NULL);
INSERT INTO "flashcards" ("id", "topic_id", "word", "phonetic", "meaning", "example", "audio_url", "image_url", "created_at", "updated_at", "word_type", "notes") VALUES (13,2,'negotiate','/nɪˈɡəʊʃieɪt/','đàm phán','We need to negotiate the terms of the contract.',NULL,NULL,'2026-05-03 20:09:53','2026-05-03 20:09:53',NULL,NULL);
INSERT INTO "flashcards" ("id", "topic_id", "word", "phonetic", "meaning", "example", "audio_url", "image_url", "created_at", "updated_at", "word_type", "notes") VALUES (14,2,'colleague','/ˈkɒliːɡ/','đồng nghiệp','My colleague helped me finish the report.',NULL,NULL,'2026-05-03 20:09:53','2026-05-03 20:09:53',NULL,NULL);
INSERT INTO "flashcards" ("id", "topic_id", "word", "phonetic", "meaning", "example", "audio_url", "image_url", "created_at", "updated_at", "word_type", "notes") VALUES (15,2,'promotion','/prəˈməʊʃən/','thăng chức, khuyến mãi','She received a promotion after her hard work.',NULL,NULL,'2026-05-03 20:09:53','2026-05-03 20:09:53',NULL,NULL);
INSERT INTO "flashcards" ("id", "topic_id", "word", "phonetic", "meaning", "example", "audio_url", "image_url", "created_at", "updated_at", "word_type", "notes") VALUES (16,2,'presentation','/ˌprezənˈteɪʃən/','bài thuyết trình','His presentation impressed all the investors.',NULL,NULL,'2026-05-03 20:09:53','2026-05-03 20:09:53',NULL,NULL);
INSERT INTO "flashcards" ("id", "topic_id", "word", "phonetic", "meaning", "example", "audio_url", "image_url", "created_at", "updated_at", "word_type", "notes") VALUES (17,2,'budget','/ˈbʌdʒɪt/','ngân sách','We need to stay within the budget this quarter.',NULL,NULL,'2026-05-03 20:09:53','2026-05-03 20:09:53',NULL,NULL);
INSERT INTO "flashcards" ("id", "topic_id", "word", "phonetic", "meaning", "example", "audio_url", "image_url", "created_at", "updated_at", "word_type", "notes") VALUES (18,2,'revenue','/ˈrevənjuː/','doanh thu','The company''s revenue increased by 20% this year.',NULL,NULL,'2026-05-03 20:09:53','2026-05-03 20:09:53',NULL,NULL);
INSERT INTO "flashcards" ("id", "topic_id", "word", "phonetic", "meaning", "example", "audio_url", "image_url", "created_at", "updated_at", "word_type", "notes") VALUES (19,2,'contract','/ˈkɒntrækt/','hợp đồng','Both parties signed the contract yesterday.',NULL,NULL,'2026-05-03 20:09:53','2026-05-03 20:09:53',NULL,NULL);
INSERT INTO "flashcards" ("id", "topic_id", "word", "phonetic", "meaning", "example", "audio_url", "image_url", "created_at", "updated_at", "word_type", "notes") VALUES (20,2,'proposal','/prəˈpəʊzəl/','đề xuất','She submitted a proposal for the new project.',NULL,NULL,'2026-05-03 20:09:53','2026-05-03 20:09:53',NULL,NULL);
INSERT INTO "flashcards" ("id", "topic_id", "word", "phonetic", "meaning", "example", "audio_url", "image_url", "created_at", "updated_at", "word_type", "notes") VALUES (21,3,'itinerary','/aɪˈtɪnərəri/','lịch trình du lịch','The travel agency prepared a detailed itinerary.',NULL,NULL,'2026-05-03 20:09:53','2026-05-03 20:09:53',NULL,NULL);
INSERT INTO "flashcards" ("id", "topic_id", "word", "phonetic", "meaning", "example", "audio_url", "image_url", "created_at", "updated_at", "word_type", "notes") VALUES (22,3,'reservation','/ˌrezəˈveɪʃən/','đặt chỗ trước','I made a reservation at the hotel for two nights.',NULL,NULL,'2026-05-03 20:09:53','2026-05-03 20:09:53',NULL,NULL);
INSERT INTO "flashcards" ("id", "topic_id", "word", "phonetic", "meaning", "example", "audio_url", "image_url", "created_at", "updated_at", "word_type", "notes") VALUES (23,3,'departure','/dɪˈpɑːtʃə/','khởi hành','The departure time is 6:00 AM tomorrow.',NULL,NULL,'2026-05-03 20:09:53','2026-05-03 20:09:53',NULL,NULL);
INSERT INTO "flashcards" ("id", "topic_id", "word", "phonetic", "meaning", "example", "audio_url", "image_url", "created_at", "updated_at", "word_type", "notes") VALUES (24,3,'destination','/ˌdestɪˈneɪʃən/','điểm đến','Paris is a popular tourist destination.',NULL,NULL,'2026-05-03 20:09:53','2026-05-03 20:09:53',NULL,NULL);
INSERT INTO "flashcards" ("id", "topic_id", "word", "phonetic", "meaning", "example", "audio_url", "image_url", "created_at", "updated_at", "word_type", "notes") VALUES (25,3,'accommodation','/əˌkɒməˈdeɪʃən/','chỗ ở','The accommodation was comfortable and affordable.',NULL,NULL,'2026-05-03 20:09:53','2026-05-03 20:09:53',NULL,NULL);
INSERT INTO "flashcards" ("id", "topic_id", "word", "phonetic", "meaning", "example", "audio_url", "image_url", "created_at", "updated_at", "word_type", "notes") VALUES (26,3,'customs','/ˈkʌstəmz/','hải quan','You must declare all goods at customs.',NULL,NULL,'2026-05-03 20:09:53','2026-05-03 20:09:53',NULL,NULL);
INSERT INTO "flashcards" ("id", "topic_id", "word", "phonetic", "meaning", "example", "audio_url", "image_url", "created_at", "updated_at", "word_type", "notes") VALUES (27,3,'baggage','/ˈbæɡɪdʒ/','hành lý','Please collect your baggage at carousel 3.',NULL,NULL,'2026-05-03 20:09:53','2026-05-03 20:09:53',NULL,NULL);
INSERT INTO "flashcards" ("id", "topic_id", "word", "phonetic", "meaning", "example", "audio_url", "image_url", "created_at", "updated_at", "word_type", "notes") VALUES (28,3,'transit','/ˈtrænsɪt/','quá cảnh','We have a 2-hour transit in Singapore.',NULL,NULL,'2026-05-03 20:09:53','2026-05-03 20:09:53',NULL,NULL);
INSERT INTO "flashcards" ("id", "topic_id", "word", "phonetic", "meaning", "example", "audio_url", "image_url", "created_at", "updated_at", "word_type", "notes") VALUES (29,3,'boarding','/ˈbɔːdɪŋ/','lên tàu/máy bay','Boarding will begin 30 minutes before departure.',NULL,NULL,'2026-05-03 20:09:53','2026-05-03 20:09:53',NULL,NULL);
INSERT INTO "flashcards" ("id", "topic_id", "word", "phonetic", "meaning", "example", "audio_url", "image_url", "created_at", "updated_at", "word_type", "notes") VALUES (30,3,'passport','/ˈpɑːspɔːt/','hộ chiếu','Don''t forget to bring your passport.',NULL,NULL,'2026-05-03 20:09:53','2026-05-03 20:09:53',NULL,NULL);
INSERT INTO "flashcards" ("id", "topic_id", "word", "phonetic", "meaning", "example", "audio_url", "image_url", "created_at", "updated_at", "word_type", "notes") VALUES (31,4,'sustainability','/səˌsteɪnəˈbɪlɪti/','tính bền vững','Sustainability is key to protecting our planet.',NULL,NULL,'2026-05-03 20:09:53','2026-05-03 20:09:53',NULL,NULL);
INSERT INTO "flashcards" ("id", "topic_id", "word", "phonetic", "meaning", "example", "audio_url", "image_url", "created_at", "updated_at", "word_type", "notes") VALUES (32,4,'deforestation','/ˌdiːˌfɒrɪˈsteɪʃən/','nạn phá rừng','Deforestation is a major cause of climate change.',NULL,NULL,'2026-05-03 20:09:53','2026-05-03 20:09:53',NULL,NULL);
INSERT INTO "flashcards" ("id", "topic_id", "word", "phonetic", "meaning", "example", "audio_url", "image_url", "created_at", "updated_at", "word_type", "notes") VALUES (33,4,'biodiversity','/ˌbaɪəʊdaɪˈvɜːsɪti/','đa dạng sinh học','We must protect biodiversity in rainforests.',NULL,NULL,'2026-05-03 20:09:53','2026-05-03 20:09:53',NULL,NULL);
INSERT INTO "flashcards" ("id", "topic_id", "word", "phonetic", "meaning", "example", "audio_url", "image_url", "created_at", "updated_at", "word_type", "notes") VALUES (34,4,'emission','/ɪˈmɪʃən/','khí thải','Carbon emissions must be reduced significantly.',NULL,NULL,'2026-05-03 20:09:53','2026-05-03 20:09:53',NULL,NULL);
INSERT INTO "flashcards" ("id", "topic_id", "word", "phonetic", "meaning", "example", "audio_url", "image_url", "created_at", "updated_at", "word_type", "notes") VALUES (35,4,'renewable','/rɪˈnjuːəbəl/','có thể tái tạo','Solar energy is a renewable energy source.',NULL,NULL,'2026-05-03 20:09:53','2026-05-03 20:09:53',NULL,NULL);
INSERT INTO "flashcards" ("id", "topic_id", "word", "phonetic", "meaning", "example", "audio_url", "image_url", "created_at", "updated_at", "word_type", "notes") VALUES (36,4,'ecosystem','/ˈiːkəʊˌsɪstəm/','hệ sinh thái','Human activity is damaging the ocean ecosystem.',NULL,NULL,'2026-05-03 20:09:53','2026-05-03 20:09:53',NULL,NULL);
INSERT INTO "flashcards" ("id", "topic_id", "word", "phonetic", "meaning", "example", "audio_url", "image_url", "created_at", "updated_at", "word_type", "notes") VALUES (37,4,'pollution','/pəˈluːʃən/','ô nhiễm','Air pollution is a serious problem in big cities.',NULL,NULL,'2026-05-03 20:09:53','2026-05-03 20:09:53',NULL,NULL);
INSERT INTO "flashcards" ("id", "topic_id", "word", "phonetic", "meaning", "example", "audio_url", "image_url", "created_at", "updated_at", "word_type", "notes") VALUES (38,4,'conservation','/ˌkɒnsəˈveɪʃən/','bảo tồn','Conservation efforts have saved many species.',NULL,NULL,'2026-05-03 20:09:53','2026-05-03 20:09:53',NULL,NULL);
INSERT INTO "flashcards" ("id", "topic_id", "word", "phonetic", "meaning", "example", "audio_url", "image_url", "created_at", "updated_at", "word_type", "notes") VALUES (39,4,'drought','/draʊt/','hạn hán','The drought caused severe food shortages.',NULL,NULL,'2026-05-03 20:09:53','2026-05-03 20:09:53',NULL,NULL);
INSERT INTO "flashcards" ("id", "topic_id", "word", "phonetic", "meaning", "example", "audio_url", "image_url", "created_at", "updated_at", "word_type", "notes") VALUES (40,4,'greenhouse','/ˈɡriːnhaʊs/','nhà kính','Greenhouse gases trap heat in the atmosphere.',NULL,NULL,'2026-05-03 20:09:53','2026-05-03 20:09:53',NULL,NULL);
INSERT INTO "flashcards" ("id", "topic_id", "word", "phonetic", "meaning", "example", "audio_url", "image_url", "created_at", "updated_at", "word_type", "notes") VALUES (41,5,'artificial intelligence','/ˌɑːtɪfɪʃəl ɪnˈtelɪdʒəns/','trí tuệ nhân tạo','AI is transforming many industries.',NULL,NULL,'2026-05-03 20:09:53','2026-05-03 20:09:53',NULL,NULL);
INSERT INTO "flashcards" ("id", "topic_id", "word", "phonetic", "meaning", "example", "audio_url", "image_url", "created_at", "updated_at", "word_type", "notes") VALUES (42,5,'algorithm','/ˈælɡərɪðəm/','thuật toán','The search engine uses a complex algorithm.',NULL,NULL,'2026-05-03 20:09:53','2026-05-03 20:09:53',NULL,NULL);
INSERT INTO "flashcards" ("id", "topic_id", "word", "phonetic", "meaning", "example", "audio_url", "image_url", "created_at", "updated_at", "word_type", "notes") VALUES (43,5,'automation','/ˌɔːtəˈmeɪʃən/','tự động hóa','Automation is replacing many manual jobs.',NULL,NULL,'2026-05-03 20:09:53','2026-05-03 20:09:53',NULL,NULL);
INSERT INTO "flashcards" ("id", "topic_id", "word", "phonetic", "meaning", "example", "audio_url", "image_url", "created_at", "updated_at", "word_type", "notes") VALUES (44,5,'cybersecurity','/ˈsaɪbəsɪˌkjʊərɪti/','an ninh mạng','Cybersecurity is critical for businesses today.',NULL,NULL,'2026-05-03 20:09:53','2026-05-03 20:09:53',NULL,NULL);
INSERT INTO "flashcards" ("id", "topic_id", "word", "phonetic", "meaning", "example", "audio_url", "image_url", "created_at", "updated_at", "word_type", "notes") VALUES (45,5,'innovation','/ˌɪnəˈveɪʃən/','sự đổi mới','Innovation drives economic growth.',NULL,NULL,'2026-05-03 20:09:53','2026-05-03 20:09:53',NULL,NULL);
INSERT INTO "flashcards" ("id", "topic_id", "word", "phonetic", "meaning", "example", "audio_url", "image_url", "created_at", "updated_at", "word_type", "notes") VALUES (46,5,'virtual','/ˈvɜːtʃuəl/','ảo, trực tuyến','Virtual reality is used in gaming and education.',NULL,NULL,'2026-05-03 20:09:53','2026-05-03 20:09:53',NULL,NULL);
INSERT INTO "flashcards" ("id", "topic_id", "word", "phonetic", "meaning", "example", "audio_url", "image_url", "created_at", "updated_at", "word_type", "notes") VALUES (47,5,'database','/ˈdeɪtəbeɪs/','cơ sở dữ liệu','The database stores millions of user records.',NULL,NULL,'2026-05-03 20:09:53','2026-05-03 20:09:53',NULL,NULL);
INSERT INTO "flashcards" ("id", "topic_id", "word", "phonetic", "meaning", "example", "audio_url", "image_url", "created_at", "updated_at", "word_type", "notes") VALUES (48,5,'bandwidth','/ˈbændwɪdθ/','băng thông','You need high bandwidth for video streaming.',NULL,NULL,'2026-05-03 20:09:53','2026-05-03 20:09:53',NULL,NULL);
INSERT INTO "flashcards" ("id", "topic_id", "word", "phonetic", "meaning", "example", "audio_url", "image_url", "created_at", "updated_at", "word_type", "notes") VALUES (49,5,'encryption','/ɪnˈkrɪpʃən/','mã hóa','Encryption protects sensitive data online.',NULL,NULL,'2026-05-03 20:09:53','2026-05-03 20:09:53',NULL,NULL);
INSERT INTO "flashcards" ("id", "topic_id", "word", "phonetic", "meaning", "example", "audio_url", "image_url", "created_at", "updated_at", "word_type", "notes") VALUES (50,5,'cloud computing','/klaʊd kəmˈpjuːtɪŋ/','điện toán đám mây','Cloud computing allows remote data storage.',NULL,NULL,'2026-05-03 20:09:53','2026-05-03 20:09:53',NULL,NULL);
INSERT INTO "flashcards" ("id", "topic_id", "word", "phonetic", "meaning", "example", "audio_url", "image_url", "created_at", "updated_at", "word_type", "notes") VALUES (51,6,'hypothesis','/haɪˈpɒθəsɪs/','giả thuyết','The hypothesis was supported by the results.',NULL,NULL,'2026-05-15 22:55:55','2026-05-15 22:55:55','noun','Research');
INSERT INTO "flashcards" ("id", "topic_id", "word", "phonetic", "meaning", "example", "audio_url", "image_url", "created_at", "updated_at", "word_type", "notes") VALUES (52,6,'variable','/ˈveəriəbl/','biến số','Control all variables in the experiment.',NULL,NULL,'2026-05-15 22:55:55','2026-05-15 22:55:55','noun','Science');
INSERT INTO "flashcards" ("id", "topic_id", "word", "phonetic", "meaning", "example", "audio_url", "image_url", "created_at", "updated_at", "word_type", "notes") VALUES (53,6,'analysis','/əˈnæləsɪs/','phân tích','The analysis showed clear trends.',NULL,NULL,'2026-05-15 22:55:55','2026-05-15 22:55:55','noun','Academic');
INSERT INTO "flashcards" ("id", "topic_id", "word", "phonetic", "meaning", "example", "audio_url", "image_url", "created_at", "updated_at", "word_type", "notes") VALUES (54,6,'experiment','/ɪkˈsperɪmənt/','thí nghiệm','The experiment lasted two weeks.',NULL,NULL,'2026-05-15 22:55:55','2026-05-15 22:55:55','noun','Lab');
INSERT INTO "flashcards" ("id", "topic_id", "word", "phonetic", "meaning", "example", "audio_url", "image_url", "created_at", "updated_at", "word_type", "notes") VALUES (55,6,'evidence','/ˈevɪdəns/','bằng chứng','Evidence supports the theory.',NULL,NULL,'2026-05-15 22:55:55','2026-05-15 22:55:55','noun','Research');
INSERT INTO "flashcards" ("id", "topic_id", "word", "phonetic", "meaning", "example", "audio_url", "image_url", "created_at", "updated_at", "word_type", "notes") VALUES (56,6,'theory','/ˈθɪəri/','học thuyết','The theory explains the phenomenon.',NULL,NULL,'2026-05-15 22:55:55','2026-05-15 22:55:55','noun','Science');
INSERT INTO "flashcards" ("id", "topic_id", "word", "phonetic", "meaning", "example", "audio_url", "image_url", "created_at", "updated_at", "word_type", "notes") VALUES (57,6,'methodology','/ˌmeθəˈdɒlədʒi/','phương pháp nghiên cứu','Describe your methodology.',NULL,NULL,'2026-05-15 22:55:55','2026-05-15 22:55:55','noun','Academic');
INSERT INTO "flashcards" ("id", "topic_id", "word", "phonetic", "meaning", "example", "audio_url", "image_url", "created_at", "updated_at", "word_type", "notes") VALUES (58,6,'phenomenon','/fəˈnɒmɪnən/','hiện tượng','This phenomenon is rare.',NULL,NULL,'2026-05-15 22:55:55','2026-05-15 22:55:55','noun','Science');
INSERT INTO "flashcards" ("id", "topic_id", "word", "phonetic", "meaning", "example", "audio_url", "image_url", "created_at", "updated_at", "word_type", "notes") VALUES (59,6,'data','/ˈdeɪtə/','dữ liệu','Data were collected online.',NULL,NULL,'2026-05-15 22:55:55','2026-05-15 22:55:55','noun','Statistics');
INSERT INTO "flashcards" ("id", "topic_id", "word", "phonetic", "meaning", "example", "audio_url", "image_url", "created_at", "updated_at", "word_type", "notes") VALUES (60,6,'derive','/dɪˈraɪv/','suy ra','Researchers derive conclusions.',NULL,NULL,'2026-05-15 22:55:55','2026-05-15 22:55:55','verb','Academic');
INSERT INTO "flashcards" ("id", "topic_id", "word", "phonetic", "meaning", "example", "audio_url", "image_url", "created_at", "updated_at", "word_type", "notes") VALUES (61,6,'evaluate','/ɪˈvæljueɪt/','đánh giá','We evaluate the outcomes.',NULL,NULL,'2026-05-15 22:55:55','2026-05-15 22:55:55','verb','Research');
INSERT INTO "flashcards" ("id", "topic_id", "word", "phonetic", "meaning", "example", "audio_url", "image_url", "created_at", "updated_at", "word_type", "notes") VALUES (62,6,'significant','/sɪɡˈnɪfɪkənt/','đáng kể','There was significant growth.',NULL,NULL,'2026-05-15 22:55:55','2026-05-15 22:55:55','adj','Academic');
INSERT INTO "flashcards" ("id", "topic_id", "word", "phonetic", "meaning", "example", "audio_url", "image_url", "created_at", "updated_at", "word_type", "notes") VALUES (63,6,'quantitative','/ˈkwɒntɪtətɪv/','định lượng','Quantitative methods use numbers.',NULL,NULL,'2026-05-15 22:55:55','2026-05-15 22:55:55','adj','Research');
INSERT INTO "flashcards" ("id", "topic_id", "word", "phonetic", "meaning", "example", "audio_url", "image_url", "created_at", "updated_at", "word_type", "notes") VALUES (64,6,'qualitative','/ˈkwɒlɪtətɪv/','định tính','Qualitative analysis studies meaning.',NULL,NULL,'2026-05-15 22:55:55','2026-05-15 22:55:55','adj','Research');
INSERT INTO "flashcards" ("id", "topic_id", "word", "phonetic", "meaning", "example", "audio_url", "image_url", "created_at", "updated_at", "word_type", "notes") VALUES (65,6,'innovation','/ˌɪnəˈveɪʃən/','đổi mới','Innovation advances technology.',NULL,NULL,'2026-05-15 22:55:55','2026-05-15 22:55:55','noun','Science');
INSERT INTO "flashcards" ("id", "topic_id", "word", "phonetic", "meaning", "example", "audio_url", "image_url", "created_at", "updated_at", "word_type", "notes") VALUES (66,6,'correlation','/ˌkɒrəˈleɪʃən/','mối tương quan','Correlation does not imply causation.',NULL,NULL,'2026-05-15 22:55:55','2026-05-15 22:55:55','noun','Statistics');
INSERT INTO "flashcards" ("id", "topic_id", "word", "phonetic", "meaning", "example", "audio_url", "image_url", "created_at", "updated_at", "word_type", "notes") VALUES (67,6,'causation','/kɔːˈzeɪʃən/','quan hệ nhân quả','Causation requires evidence.',NULL,NULL,'2026-05-15 22:55:55','2026-05-15 22:55:55','noun','Statistics');
INSERT INTO "flashcards" ("id", "topic_id", "word", "phonetic", "meaning", "example", "audio_url", "image_url", "created_at", "updated_at", "word_type", "notes") VALUES (68,6,'simulate','/ˈsɪmjəleɪt/','mô phỏng','The software simulates weather.',NULL,NULL,'2026-05-15 22:55:55','2026-05-15 22:55:55','verb','Tech');
INSERT INTO "flashcards" ("id", "topic_id", "word", "phonetic", "meaning", "example", "audio_url", "image_url", "created_at", "updated_at", "word_type", "notes") VALUES (69,6,'algorithm','/ˈælɡərɪðəm/','thuật toán','Algorithms process data.',NULL,NULL,'2026-05-15 22:55:55','2026-05-15 22:55:55','noun','Computer science');
INSERT INTO "flashcards" ("id", "topic_id", "word", "phonetic", "meaning", "example", "audio_url", "image_url", "created_at", "updated_at", "word_type", "notes") VALUES (70,6,'compute','/kəmˈpjuːt/','tính toán','Computers compute rapidly.',NULL,NULL,'2026-05-15 22:55:55','2026-05-15 22:55:55','verb','Tech');
INSERT INTO "flashcards" ("id", "topic_id", "word", "phonetic", "meaning", "example", "audio_url", "image_url", "created_at", "updated_at", "word_type", "notes") VALUES (71,6,'synthesis','/ˈsɪnθəsɪs/','tổng hợp','The paper offers a synthesis.',NULL,NULL,'2026-05-15 22:55:55','2026-05-15 22:55:55','noun','Academic');
INSERT INTO "flashcards" ("id", "topic_id", "word", "phonetic", "meaning", "example", "audio_url", "image_url", "created_at", "updated_at", "word_type", "notes") VALUES (72,6,'framework','/ˈfreɪmwɜːk/','khung lý thuyết','Use a suitable framework.',NULL,NULL,'2026-05-15 22:55:55','2026-05-15 22:55:55','noun','Research');
INSERT INTO "flashcards" ("id", "topic_id", "word", "phonetic", "meaning", "example", "audio_url", "image_url", "created_at", "updated_at", "word_type", "notes") VALUES (73,6,'dimension','/daɪˈmenʃən/','khía cạnh','The issue has many dimensions.',NULL,NULL,'2026-05-15 22:55:55','2026-05-15 22:55:55','noun','Academic');
INSERT INTO "flashcards" ("id", "topic_id", "word", "phonetic", "meaning", "example", "audio_url", "image_url", "created_at", "updated_at", "word_type", "notes") VALUES (74,6,'observe','/əbˈzɜːv/','quan sát','Scientists observe changes.',NULL,NULL,'2026-05-15 22:55:55','2026-05-15 22:55:55','verb','Science');
INSERT INTO "flashcards" ("id", "topic_id", "word", "phonetic", "meaning", "example", "audio_url", "image_url", "created_at", "updated_at", "word_type", "notes") VALUES (75,6,'predict','/prɪˈdɪkt/','dự đoán','Models predict outcomes.',NULL,NULL,'2026-05-15 22:55:55','2026-05-15 22:55:55','verb','Science');
INSERT INTO "flashcards" ("id", "topic_id", "word", "phonetic", "meaning", "example", "audio_url", "image_url", "created_at", "updated_at", "word_type", "notes") VALUES (76,6,'estimate','/ˈestɪmeɪt/','ước tính','Estimate the population.',NULL,NULL,'2026-05-15 22:55:55','2026-05-15 22:55:55','verb','Statistics');
INSERT INTO "flashcards" ("id", "topic_id", "word", "phonetic", "meaning", "example", "audio_url", "image_url", "created_at", "updated_at", "word_type", "notes") VALUES (77,6,'accuracy','/ˈækjərəsi/','độ chính xác','Accuracy is important.',NULL,NULL,'2026-05-15 22:55:55','2026-05-15 22:55:55','noun','Science');
INSERT INTO "flashcards" ("id", "topic_id", "word", "phonetic", "meaning", "example", "audio_url", "image_url", "created_at", "updated_at", "word_type", "notes") VALUES (78,6,'precision','/prɪˈsɪʒən/','độ chính xác cao','Precision reduces errors.',NULL,NULL,'2026-05-15 22:55:55','2026-05-15 22:55:55','noun','Lab');
INSERT INTO "flashcards" ("id", "topic_id", "word", "phonetic", "meaning", "example", "audio_url", "image_url", "created_at", "updated_at", "word_type", "notes") VALUES (79,6,'sample','/ˈsɑːmpl/','mẫu','The sample included 200 people.',NULL,NULL,'2026-05-15 22:55:55','2026-05-15 22:55:55','noun','Research');
INSERT INTO "flashcards" ("id", "topic_id", "word", "phonetic", "meaning", "example", "audio_url", "image_url", "created_at", "updated_at", "word_type", "notes") VALUES (80,6,'survey','/ˈsɜːveɪ/','khảo sát','The survey was anonymous.',NULL,NULL,'2026-05-15 22:55:55','2026-05-15 22:55:55','noun','Research');
INSERT INTO "flashcards" ("id", "topic_id", "word", "phonetic", "meaning", "example", "audio_url", "image_url", "created_at", "updated_at", "word_type", "notes") VALUES (81,6,'conclusion','/kənˈkluːʒən/','kết luận','Draw a conclusion.',NULL,NULL,'2026-05-15 22:55:55','2026-05-15 22:55:55','noun','Academic');
INSERT INTO "flashcards" ("id", "topic_id", "word", "phonetic", "meaning", "example", "audio_url", "image_url", "created_at", "updated_at", "word_type", "notes") VALUES (82,6,'journal','/ˈdʒɜːnl/','tạp chí học thuật','The article was published in a journal.',NULL,NULL,'2026-05-15 22:55:55','2026-05-15 22:55:55','noun','Academic');
INSERT INTO "flashcards" ("id", "topic_id", "word", "phonetic", "meaning", "example", "audio_url", "image_url", "created_at", "updated_at", "word_type", "notes") VALUES (83,6,'citation','/saɪˈteɪʃən/','trích dẫn','Include proper citations.',NULL,NULL,'2026-05-15 22:55:55','2026-05-15 22:55:55','noun','Academic');
INSERT INTO "flashcards" ("id", "topic_id", "word", "phonetic", "meaning", "example", "audio_url", "image_url", "created_at", "updated_at", "word_type", "notes") VALUES (84,6,'peer review','/pɪə rɪˈvjuː/','phản biện đồng cấp','The study passed peer review.',NULL,NULL,'2026-05-15 22:55:55','2026-05-15 22:55:55','noun','Research');
INSERT INTO "flashcards" ("id", "topic_id", "word", "phonetic", "meaning", "example", "audio_url", "image_url", "created_at", "updated_at", "word_type", "notes") VALUES (85,6,'abstract','/ˈæbstrækt/','tóm tắt nghiên cứu','Read the abstract first.',NULL,NULL,'2026-05-15 22:55:55','2026-05-15 22:55:55','noun','Academic');
INSERT INTO "flashcards" ("id", "topic_id", "word", "phonetic", "meaning", "example", "audio_url", "image_url", "created_at", "updated_at", "word_type", "notes") VALUES (86,6,'objective','/əbˈdʒektɪv/','mục tiêu','State your objective.',NULL,NULL,'2026-05-15 22:55:55','2026-05-15 22:55:55','noun','Research');
INSERT INTO "flashcards" ("id", "topic_id", "word", "phonetic", "meaning", "example", "audio_url", "image_url", "created_at", "updated_at", "word_type", "notes") VALUES (87,6,'subjective','/səbˈdʒektɪv/','chủ quan','Subjective views vary.',NULL,NULL,'2026-05-15 22:55:55','2026-05-15 22:55:55','adj','Academic');
INSERT INTO "flashcards" ("id", "topic_id", "word", "phonetic", "meaning", "example", "audio_url", "image_url", "created_at", "updated_at", "word_type", "notes") VALUES (88,6,'concept','/ˈkɒnsept/','khái niệm','Understand the concept.',NULL,NULL,'2026-05-15 22:55:55','2026-05-15 22:55:55','noun','Learning');
INSERT INTO "flashcards" ("id", "topic_id", "word", "phonetic", "meaning", "example", "audio_url", "image_url", "created_at", "updated_at", "word_type", "notes") VALUES (89,6,'criterion','/kraɪˈtɪəriən/','tiêu chí','Meet all criteria.',NULL,NULL,'2026-05-15 22:55:55','2026-05-15 22:55:55','noun','Research');
INSERT INTO "flashcards" ("id", "topic_id", "word", "phonetic", "meaning", "example", "audio_url", "image_url", "created_at", "updated_at", "word_type", "notes") VALUES (90,6,'interpret','/ɪnˈtɜːprɪt/','diễn giải','Interpret the results.',NULL,NULL,'2026-05-15 22:55:55','2026-05-15 22:55:55','verb','Academic');
INSERT INTO "flashcards" ("id", "topic_id", "word", "phonetic", "meaning", "example", "audio_url", "image_url", "created_at", "updated_at", "word_type", "notes") VALUES (91,6,'inference','/ˈɪnfərəns/','suy luận','Avoid false inferences.',NULL,NULL,'2026-05-15 22:55:55','2026-05-15 22:55:55','noun','Logic');
INSERT INTO "flashcards" ("id", "topic_id", "word", "phonetic", "meaning", "example", "audio_url", "image_url", "created_at", "updated_at", "word_type", "notes") VALUES (92,6,'bias','/ˈbaɪəs/','thiên vị','Bias affects outcomes.',NULL,NULL,'2026-05-15 22:55:55','2026-05-15 22:55:55','noun','Research');
INSERT INTO "flashcards" ("id", "topic_id", "word", "phonetic", "meaning", "example", "audio_url", "image_url", "created_at", "updated_at", "word_type", "notes") VALUES (93,6,'validity','/vəˈlɪdəti/','tính hợp lệ','Test validity matters.',NULL,NULL,'2026-05-15 22:55:55','2026-05-15 22:55:55','noun','Research');
INSERT INTO "flashcards" ("id", "topic_id", "word", "phonetic", "meaning", "example", "audio_url", "image_url", "created_at", "updated_at", "word_type", "notes") VALUES (94,6,'reliability','/rɪˌlaɪəˈbɪləti/','độ tin cậy','Reliability ensures consistency.',NULL,NULL,'2026-05-15 22:55:55','2026-05-15 22:55:55','noun','Research');
INSERT INTO "flashcards" ("id", "topic_id", "word", "phonetic", "meaning", "example", "audio_url", "image_url", "created_at", "updated_at", "word_type", "notes") VALUES (95,6,'sequence','/ˈsiːkwəns/','chuỗi','Analyze DNA sequences.',NULL,NULL,'2026-05-15 22:55:55','2026-05-15 22:55:55','noun','Science');
INSERT INTO "flashcards" ("id", "topic_id", "word", "phonetic", "meaning", "example", "audio_url", "image_url", "created_at", "updated_at", "word_type", "notes") VALUES (96,6,'genetics','/dʒəˈnetɪks/','di truyền học','Genetics studies inheritance.',NULL,NULL,'2026-05-15 22:55:55','2026-05-15 22:55:55','noun','Biology');
INSERT INTO "flashcards" ("id", "topic_id", "word", "phonetic", "meaning", "example", "audio_url", "image_url", "created_at", "updated_at", "word_type", "notes") VALUES (97,6,'ecosystem','/ˈiːkəʊsɪstəm/','hệ sinh thái','Protect the ecosystem.',NULL,NULL,'2026-05-15 22:55:55','2026-05-15 22:55:55','noun','Biology');
INSERT INTO "flashcards" ("id", "topic_id", "word", "phonetic", "meaning", "example", "audio_url", "image_url", "created_at", "updated_at", "word_type", "notes") VALUES (98,6,'molecule','/ˈmɒlɪkjuːl/','phân tử','Water is a molecule.',NULL,NULL,'2026-05-15 22:55:55','2026-05-15 22:55:55','noun','Chemistry');
INSERT INTO "flashcards" ("id", "topic_id", "word", "phonetic", "meaning", "example", "audio_url", "image_url", "created_at", "updated_at", "word_type", "notes") VALUES (99,6,'atom','/ˈætəm/','nguyên tử','Atoms form matter.',NULL,NULL,'2026-05-15 22:55:55','2026-05-15 22:55:55','noun','Chemistry');
INSERT INTO "flashcards" ("id", "topic_id", "word", "phonetic", "meaning", "example", "audio_url", "image_url", "created_at", "updated_at", "word_type", "notes") VALUES (100,6,'astronomy','/əˈstrɒnəmi/','thiên văn học','Astronomy explores space.',NULL,NULL,'2026-05-15 22:55:55','2026-05-15 22:55:55','noun','Science');

-- grammar_lessons
INSERT INTO "grammar_lessons" ("id", "title", "content", "level", "order_index", "created_by", "created_at", "updated_at", "youtube_url") VALUES (1,'Thì Hiện Tại Đơn (Simple Present)','<h2>Simple Present Tense</h2><p>Use the Simple Present for <strong>habits</strong>, <strong>routines</strong>, <strong>facts</strong>, and <strong>general truths</strong>.</p><h3>Affirmative</h3><table><tr><th>Subject</th><th>Verb Form</th><th>Example</th></tr><tr><td>I / You / We / They</td><td>base verb</td><td>I <strong>work</strong> here.</td></tr><tr><td>He / She / It</td><td>verb + s/es</td><td>She <strong>works</strong> here.</td></tr></table><h3>Negative: <code>do/does + not + base verb</code></h3><blockquote>I do not like coffee. &nbsp; She does not play football.</blockquote><h3>Question: <code>Do/Does + subject + base verb?</code></h3><blockquote>Do you speak English? &nbsp; Does he live here?</blockquote><h3>Spelling Rules for He/She/It</h3><table><tr><th>Rule</th><th>Example</th></tr><tr><td>Most verbs ??? + s</td><td>work ??? works</td></tr><tr><td>-s/-x/-z/-ch/-sh ??? + es</td><td>watch ??? watches</td></tr><tr><td>Consonant + y ??? ies</td><td>study ??? studies</td></tr><tr><td>have ??? has</td><td>He has a car.</td></tr></table><h3>Signal Words</h3><p>always ?? usually ?? often ?? sometimes ?? rarely ?? never ?? every day ?? on Mondays</p>','beginner',1,1,'2026-05-03 20:09:53','2026-05-15 14:04:07','https://www.youtube.com/watch?v=q8jpjL0GPhk');
INSERT INTO "grammar_lessons" ("id", "title", "content", "level", "order_index", "created_by", "created_at", "updated_at", "youtube_url") VALUES (2,'Thì Hiện Tại Tiếp Diễn (Present Continuous)','<h2>Present Continuous Tense</h2><p>Use the Present Continuous for actions <strong>happening right now</strong> or around the present time.</p><h3>Structure: <code>am / is / are + verb-ing</code></h3><table><tr><th>Subject</th><th>Auxiliary</th><th>Example</th></tr><tr><td>I</td><td>am</td><td>I <strong>am working</strong> now.</td></tr><tr><td>He / She / It</td><td>is</td><td>She <strong>is sleeping</strong>.</td></tr><tr><td>You / We / They</td><td>are</td><td>They <strong>are playing</strong>.</td></tr></table><h3>Negative: <code>am/is/are + not + verb-ing</code></h3><blockquote>I am not working. &nbsp; She is not sleeping. &nbsp; They are not playing.</blockquote><h3>Question: <code>Am/Is/Are + subject + verb-ing?</code></h3><blockquote>Are you listening? &nbsp; Is she coming?</blockquote><h3>Spelling Rules for -ing</h3><table><tr><th>Rule</th><th>Example</th></tr><tr><td>Most verbs ??? + ing</td><td>work ??? working</td></tr><tr><td>End in -e ??? drop e + ing</td><td>make ??? making</td></tr><tr><td>Short vowel + consonant ??? double + ing</td><td>run ??? running</td></tr></table><h3>Stative Verbs (NOT used with -ing)</h3><p>know ?? believe ?? want ?? need ?? like ?? love ?? hate ?? understand ?? seem</p><h3>Signal Words</h3><p>now ?? right now ?? at the moment ?? currently ?? Look! ?? Listen!</p>','beginner',2,1,'2026-05-03 20:09:53','2026-05-15 14:07:42','https://www.youtube.com/watch?v=WruVkYzk0U8');
INSERT INTO "grammar_lessons" ("id", "title", "content", "level", "order_index", "created_by", "created_at", "updated_at", "youtube_url") VALUES (3,'Thì Quá Khứ Đơn (Simple Past)','<h2>Simple Past Tense</h2><p>Use the Simple Past for <strong>completed actions</strong> at a specific time in the past.</p><h3>Regular Verbs: verb + ed</h3><table><tr><th>Rule</th><th>Example</th></tr><tr><td>Most ??? + ed</td><td>work ??? worked</td></tr><tr><td>End in -e ??? + d</td><td>live ??? lived</td></tr><tr><td>Consonant + y ??? ied</td><td>study ??? studied</td></tr><tr><td>Short vowel + consonant ??? double + ed</td><td>stop ??? stopped</td></tr></table><h3>Common Irregular Verbs</h3><table><tr><th>Base</th><th>Past</th><th>Base</th><th>Past</th></tr><tr><td>go</td><td>went</td><td>have</td><td>had</td></tr><tr><td>come</td><td>came</td><td>make</td><td>made</td></tr><tr><td>see</td><td>saw</td><td>get</td><td>got</td></tr><tr><td>take</td><td>took</td><td>give</td><td>gave</td></tr><tr><td>buy</td><td>bought</td><td>eat</td><td>ate</td></tr></table><h3>Negative: <code>did + not + base verb</code></h3><blockquote>I did not go. &nbsp; She did not eat breakfast.</blockquote><h3>Question: <code>Did + subject + base verb?</code></h3><blockquote>Did you watch TV? &nbsp; Did he call you?</blockquote><h3>Signal Words</h3><p>yesterday ?? last night/week/year ?? ago ?? in 2020 ?? when I was young</p>','beginner',3,1,'2026-05-03 20:09:53','2026-05-17 19:46:40','https://www.youtube.com/watch?v=hJ6shpCjL7w');
INSERT INTO "grammar_lessons" ("id", "title", "content", "level", "order_index", "created_by", "created_at", "updated_at", "youtube_url") VALUES (4,'Thì Tương Lai Đơn (Simple Future)','<h2>Simple Future Tense</h2><p>English has two main ways to express the future: <strong>will</strong> and <strong>be going to</strong>.</p><h3>Will + base verb</h3><table><tr><th>Use</th><th>Example</th></tr><tr><td>Predictions (no evidence)</td><td>I think it <strong>will rain</strong> tomorrow.</td></tr><tr><td>Spontaneous decisions</td><td>I <strong>will get</strong> the door.</td></tr><tr><td>Promises / offers</td><td>I <strong>will help</strong> you.</td></tr></table><h3>Be going to + base verb</h3><table><tr><th>Use</th><th>Example</th></tr><tr><td>Plans / intentions</td><td>I <strong>am going to visit</strong> Paris.</td></tr><tr><td>Predictions with evidence</td><td>Look! It <strong>is going to rain</strong>!</td></tr></table><h3>Negative</h3><blockquote>I will not (won''t) come. &nbsp; She is not going to study.</blockquote><h3>Question</h3><blockquote>Will you help me? &nbsp; Are you going to travel?</blockquote><h3>Signal Words</h3><p>tomorrow ?? next week/month/year ?? soon ?? in the future ?? later</p>','beginner',4,1,'2026-05-03 20:09:53','2026-05-17 19:47:44','https://www.youtube.com/watch?v=_0X_ttZOMvE');
INSERT INTO "grammar_lessons" ("id", "title", "content", "level", "order_index", "created_by", "created_at", "updated_at", "youtube_url") VALUES (5,'Câu Điều Kiện Loại 1 (First Conditional)','<h2>First Conditional</h2><p>Expresses <strong>real and possible</strong> situations in the present or future.</p><h3>Structure</h3><table><tr><th>If Clause</th><th>Main Clause</th></tr><tr><td>If + Present Simple</td><td>will + base verb</td></tr></table><blockquote>If it rains, I will stay at home.<br>If you study hard, you will pass the exam.</blockquote><h3>Important Notes</h3><ul><li>The if-clause can come first or second.</li><li>Do NOT use will in the if-clause.</li><li>Other modals: can, might, should in the main clause.</li></ul><h3>Other Modals in Main Clause</h3><table><tr><th>Modal</th><th>Example</th></tr><tr><td>can</td><td>If you come early, you <strong>can</strong> help us.</td></tr><tr><td>might</td><td>If she calls, I <strong>might</strong> answer.</td></tr><tr><td>should</td><td>If he is late, we <strong>should</strong> start without him.</td></tr></table>','intermediate',5,1,'2026-05-03 20:09:53','2026-05-15 13:28:09',NULL);
INSERT INTO "grammar_lessons" ("id", "title", "content", "level", "order_index", "created_by", "created_at", "updated_at", "youtube_url") VALUES (6,'Câu Điều Kiện Loại 2 (Second Conditional)','<h2>Second Conditional</h2><p>Expresses <strong>hypothetical, unlikely, or imaginary</strong> situations in the present or future.</p><h3>Structure</h3><table><tr><th>If Clause</th><th>Main Clause</th></tr><tr><td>If + Past Simple</td><td>would + base verb</td></tr></table><blockquote>If I had more money, I would travel the world.<br>If she were taller, she would be a model.</blockquote><h3>Important Notes</h3><ul><li>Use <code>were</code> (not was) with all subjects in formal writing.</li><li>The situation is NOT real ??? imaginary or very unlikely.</li></ul><h3>First vs Second Conditional</h3><table><tr><th>First (possible)</th><th>Second (hypothetical)</th></tr><tr><td>If I have time, I will come.</td><td>If I had time, I would come.</td></tr></table>','intermediate',6,1,'2026-05-03 20:09:53','2026-05-15 13:28:09',NULL);
INSERT INTO "grammar_lessons" ("id", "title", "content", "level", "order_index", "created_by", "created_at", "updated_at", "youtube_url") VALUES (7,'Câu Bị Động (Passive Voice)','<h2>Passive Voice</h2><p>Use the Passive when the <strong>action</strong> is more important than who performs it, or when the doer is unknown.</p><h3>Structure: <code>be + past participle</code></h3><table><tr><th>Tense</th><th>Active</th><th>Passive</th></tr><tr><td>Present Simple</td><td>She cleans the room.</td><td>The room <strong>is cleaned</strong>.</td></tr><tr><td>Past Simple</td><td>They built this bridge.</td><td>This bridge <strong>was built</strong>.</td></tr><tr><td>Present Perfect</td><td>He has written the report.</td><td>The report <strong>has been written</strong>.</td></tr><tr><td>Future (will)</td><td>They will finish the project.</td><td>The project <strong>will be finished</strong>.</td></tr><tr><td>Modal</td><td>You must sign the form.</td><td>The form <strong>must be signed</strong>.</td></tr></table><h3>How to Transform Active to Passive</h3><ol><li>Object of active ??? subject of passive.</li><li>Correct form of <code>be</code> for the tense.</li><li>Main verb ??? past participle.</li><li>Add <code>by + agent</code> if needed.</li></ol><blockquote>Active: Tom wrote the letter.<br>Passive: The letter was written by Tom.</blockquote>','intermediate',7,1,'2026-05-03 20:09:53','2026-05-15 13:28:09',NULL);
INSERT INTO "grammar_lessons" ("id", "title", "content", "level", "order_index", "created_by", "created_at", "updated_at", "youtube_url") VALUES (8,'Mệnh Đề Quan Hệ (Relative Clauses)','<h2>Relative Clauses</h2><p>A <strong>relative clause</strong> gives more information about a noun using a <em>relative pronoun</em>.</p><h3>Relative Pronouns</h3><table><tr><th>Pronoun</th><th>Refers to</th><th>Example</th></tr><tr><td>who</td><td>people</td><td>The man <strong>who called</strong> is my uncle.</td></tr><tr><td>which</td><td>things/animals</td><td>The book <strong>which I bought</strong> is great.</td></tr><tr><td>that</td><td>people or things</td><td>The car <strong>that she drives</strong> is red.</td></tr><tr><td>whose</td><td>possession</td><td>The student <strong>whose phone</strong> rang left.</td></tr><tr><td>where</td><td>places</td><td>The city <strong>where I was born</strong> is Hanoi.</td></tr><tr><td>when</td><td>time</td><td>I remember the day <strong>when we met</strong>.</td></tr></table><h3>Defining vs Non-defining</h3><table><tr><th>Type</th><th>Commas?</th><th>Example</th></tr><tr><td>Defining (essential)</td><td>No commas</td><td>The woman <strong>who lives next door</strong> is friendly.</td></tr><tr><td>Non-defining (extra info)</td><td>With commas</td><td>My sister, <strong>who lives in Paris</strong>, is visiting.</td></tr></table><p><code>that</code> ??? defining clauses only. <code>which</code> ??? both types.</p>','advanced',8,1,'2026-05-03 20:09:53','2026-05-15 13:28:09',NULL);
INSERT INTO "grammar_lessons" ("id", "title", "content", "level", "order_index", "created_by", "created_at", "updated_at", "youtube_url") VALUES (13,'Present Perfect Tense','<h2>Present Perfect Tense</h2><p>Connects the <strong>past with the present</strong>.</p><h3>Structure: <code>have / has + past participle</code></h3><table><tr><th>Subject</th><th>Form</th><th>Example</th></tr><tr><td>I / You / We / They</td><td>have + p.p.</td><td>I <strong>have visited</strong> Paris.</td></tr><tr><td>He / She / It</td><td>has + p.p.</td><td>She <strong>has finished</strong> her work.</td></tr></table><h3>Uses</h3><table><tr><th>Use</th><th>Example</th></tr><tr><td>Experience (ever/never)</td><td>Have you ever eaten sushi?</td></tr><tr><td>Recent action with present result</td><td>I have lost my keys. (I cannot find them now)</td></tr><tr><td>Action continuing to now</td><td>She has lived here for 5 years.</td></tr><tr><td>With just / already / yet</td><td>He has just arrived.</td></tr></table><h3>For vs Since</h3><table><tr><th>For (duration)</th><th>Since (starting point)</th></tr><tr><td>for 2 hours, for a week</td><td>since 9am, since 2020</td></tr></table><h3>Signal Words</h3><p>ever ?? never ?? already ?? yet ?? just ?? recently ?? for ?? since</p>','intermediate',9,1,'2026-05-15 13:28:09','2026-05-15 13:28:09',NULL);
INSERT INTO "grammar_lessons" ("id", "title", "content", "level", "order_index", "created_by", "created_at", "updated_at", "youtube_url") VALUES (14,'Articles: A, An, The','<h2>Articles: A, An, The</h2><p>Articles indicate whether a noun is <strong>specific</strong> or <strong>general</strong>.</p><h3>Indefinite Articles: A / An</h3><table><tr><th>Article</th><th>Use</th><th>Example</th></tr><tr><td>a</td><td>Before consonant sounds</td><td>a book, a university</td></tr><tr><td>an</td><td>Before vowel sounds</td><td>an apple, an hour</td></tr></table><p>Based on <em>sound</em>, not letter: <code>a university</code> (/j/ sound), <code>an hour</code> (silent h).</p><h3>Definite Article: The</h3><table><tr><th>Use</th><th>Example</th></tr><tr><td>Specific / already mentioned</td><td>I saw a dog. The dog was big.</td></tr><tr><td>Unique things</td><td>The sun, the moon</td></tr><tr><td>Superlatives</td><td>The best, the tallest</td></tr><tr><td>Oceans, rivers, mountain ranges</td><td>The Pacific, the Nile</td></tr></table><h3>No Article (Zero Article)</h3><table><tr><th>Use</th><th>Example</th></tr><tr><td>General plural/uncountable nouns</td><td>Dogs are loyal. Water is essential.</td></tr><tr><td>Names of countries, cities, people</td><td>Vietnam, Hanoi, Tom</td></tr><tr><td>Languages, sports, meals</td><td>I speak English. We play football.</td></tr></table>','beginner',10,1,'2026-05-15 13:28:09','2026-05-15 13:28:09',NULL);
INSERT INTO "grammar_lessons" ("id", "title", "content", "level", "order_index", "created_by", "created_at", "updated_at", "youtube_url") VALUES (15,'Reported Speech','<h2>Reported Speech (Indirect Speech)</h2><p>Tell what someone said <strong>without quoting exact words</strong>.</p><h3>Tense Backshift</h3><table><tr><th>Direct Speech</th><th>Reported Speech</th></tr><tr><td>Present Simple</td><td>??? Past Simple</td></tr><tr><td>Present Continuous</td><td>??? Past Continuous</td></tr><tr><td>Past Simple</td><td>??? Past Perfect</td></tr><tr><td>will</td><td>??? would</td></tr><tr><td>can</td><td>??? could</td></tr></table><blockquote>Direct: \"I am tired.\" ??? She said she <strong>was</strong> tired.<br>Direct: \"I will come.\" ??? He said he <strong>would</strong> come.</blockquote><h3>Say vs Tell</h3><table><tr><th>Verb</th><th>Pattern</th><th>Example</th></tr><tr><td>say</td><td>say + (that)</td><td>She <strong>said (that)</strong> she was tired.</td></tr><tr><td>tell</td><td>tell + person + (that)</td><td>She <strong>told me</strong> she was tired.</td></tr></table><h3>Reporting Questions</h3><blockquote>Direct: \"Where do you live?\" ??? He asked where I <strong>lived</strong>.<br>Direct: \"Do you like tea?\" ??? She asked <strong>if</strong> I liked tea.</blockquote>','advanced',11,1,'2026-05-15 13:28:09','2026-05-15 13:28:09',NULL);
INSERT INTO "grammar_lessons" ("id", "title", "content", "level", "order_index", "created_by", "created_at", "updated_at", "youtube_url") VALUES (16,'Comparatives & Superlatives','<h2>Comparatives & Superlatives</h2><p>Comparatives compare <strong>two things</strong>. Superlatives describe the <strong>extreme</strong> in a group.</p><h3>Forming Comparatives</h3><table><tr><th>Adjective</th><th>Comparative</th><th>Rule</th></tr><tr><td>tall</td><td>taller</td><td>1 syllable ??? + er</td></tr><tr><td>big</td><td>bigger</td><td>CVC ??? double + er</td></tr><tr><td>happy</td><td>happier</td><td>Consonant + y ??? ier</td></tr><tr><td>beautiful</td><td>more beautiful</td><td>3+ syllables ??? more + adj</td></tr><tr><td>good</td><td>better</td><td>Irregular</td></tr><tr><td>bad</td><td>worse</td><td>Irregular</td></tr></table><h3>Forming Superlatives</h3><table><tr><th>Adjective</th><th>Superlative</th></tr><tr><td>tall</td><td>the tallest</td></tr><tr><td>big</td><td>the biggest</td></tr><tr><td>happy</td><td>the happiest</td></tr><tr><td>beautiful</td><td>the most beautiful</td></tr><tr><td>good</td><td>the best</td></tr><tr><td>bad</td><td>the worst</td></tr></table><h3>Patterns</h3><blockquote>A is <strong>taller than</strong> B. &nbsp; A is <strong>the tallest</strong> in the group. &nbsp; A is <strong>as tall as</strong> B.</blockquote>','intermediate',12,1,'2026-05-15 13:28:09','2026-05-15 13:28:09',NULL);

-- grammar_sections
INSERT INTO "grammar_sections" ("id", "lesson_id", "title", "description", "order_index", "created_at") VALUES (1,1,'Affirmative Sentences','Practice forming positive sentences with the correct verb form.',1,'2026-05-15 13:28:09');
INSERT INTO "grammar_sections" ("id", "lesson_id", "title", "description", "order_index", "created_at") VALUES (2,1,'Negative & Questions','Form negative sentences and yes/no questions.',2,'2026-05-15 13:28:09');
INSERT INTO "grammar_sections" ("id", "lesson_id", "title", "description", "order_index", "created_at") VALUES (3,1,'Mixed Practice','Combined exercises testing your overall understanding.',3,'2026-05-15 13:28:09');
INSERT INTO "grammar_sections" ("id", "lesson_id", "title", "description", "order_index", "created_at") VALUES (4,2,'Forming -ing Verbs','Practice the spelling rules for adding -ing to verbs.',1,'2026-05-15 13:28:09');
INSERT INTO "grammar_sections" ("id", "lesson_id", "title", "description", "order_index", "created_at") VALUES (5,2,'Affirmative & Negative','Use am/is/are correctly in positive and negative sentences.',2,'2026-05-15 13:28:09');
INSERT INTO "grammar_sections" ("id", "lesson_id", "title", "description", "order_index", "created_at") VALUES (6,2,'Questions & Context','Form questions and identify correct usage contexts.',3,'2026-05-15 13:28:09');
INSERT INTO "grammar_sections" ("id", "lesson_id", "title", "description", "order_index", "created_at") VALUES (7,3,'Regular Verbs Past Form','Practice -ed spelling rules for regular verbs.',1,'2026-05-15 13:28:09');
INSERT INTO "grammar_sections" ("id", "lesson_id", "title", "description", "order_index", "created_at") VALUES (8,3,'Irregular Verbs','Test your knowledge of common irregular past forms.',2,'2026-05-15 13:28:09');
INSERT INTO "grammar_sections" ("id", "lesson_id", "title", "description", "order_index", "created_at") VALUES (9,3,'Negative & Questions','Form negatives and questions using did.',3,'2026-05-15 13:28:09');
INSERT INTO "grammar_sections" ("id", "lesson_id", "title", "description", "order_index", "created_at") VALUES (10,4,'Using Will','Practice will for predictions, offers and promises.',1,'2026-05-15 13:28:09');
INSERT INTO "grammar_sections" ("id", "lesson_id", "title", "description", "order_index", "created_at") VALUES (11,4,'Will vs Going To','Choose the correct future form for each context.',2,'2026-05-15 13:28:09');
INSERT INTO "grammar_sections" ("id", "lesson_id", "title", "description", "order_index", "created_at") VALUES (12,5,'Forming First Conditionals','Build correct if + will sentences.',1,'2026-05-15 13:28:09');
INSERT INTO "grammar_sections" ("id", "lesson_id", "title", "description", "order_index", "created_at") VALUES (13,5,'Real Situations','Apply the first conditional to realistic scenarios.',2,'2026-05-15 13:28:09');
INSERT INTO "grammar_sections" ("id", "lesson_id", "title", "description", "order_index", "created_at") VALUES (14,5,'Mixed Conditional Practice','Exercises with various modals in the main clause.',3,'2026-05-15 13:28:09');
INSERT INTO "grammar_sections" ("id", "lesson_id", "title", "description", "order_index", "created_at") VALUES (15,6,'Hypothetical Situations','Form sentences about imaginary present/future situations.',1,'2026-05-15 13:28:09');
INSERT INTO "grammar_sections" ("id", "lesson_id", "title", "description", "order_index", "created_at") VALUES (16,6,'First vs Second Conditional','Choose between real and hypothetical conditionals.',2,'2026-05-15 13:28:09');
INSERT INTO "grammar_sections" ("id", "lesson_id", "title", "description", "order_index", "created_at") VALUES (17,7,'Present & Past Simple Passive','Form passive sentences in present and past simple.',1,'2026-05-15 13:28:09');
INSERT INTO "grammar_sections" ("id", "lesson_id", "title", "description", "order_index", "created_at") VALUES (18,7,'Active to Passive Transformation','Transform active sentences into the passive voice.',2,'2026-05-15 13:28:09');
INSERT INTO "grammar_sections" ("id", "lesson_id", "title", "description", "order_index", "created_at") VALUES (19,7,'Advanced Passive Forms','Passive with modals, perfect and continuous tenses.',3,'2026-05-15 13:28:09');
INSERT INTO "grammar_sections" ("id", "lesson_id", "title", "description", "order_index", "created_at") VALUES (20,8,'Who, Which, That','Choose the correct relative pronoun for people and things.',1,'2026-05-15 13:28:09');
INSERT INTO "grammar_sections" ("id", "lesson_id", "title", "description", "order_index", "created_at") VALUES (21,8,'Where, When, Whose','Practice relative adverbs and possession.',2,'2026-05-15 13:28:09');
INSERT INTO "grammar_sections" ("id", "lesson_id", "title", "description", "order_index", "created_at") VALUES (22,8,'Defining vs Non-defining','Identify and form both types of relative clause.',3,'2026-05-15 13:28:09');
INSERT INTO "grammar_sections" ("id", "lesson_id", "title", "description", "order_index", "created_at") VALUES (23,13,'Forming Present Perfect','Use have/has + past participle correctly.',1,'2026-05-15 13:28:09');
INSERT INTO "grammar_sections" ("id", "lesson_id", "title", "description", "order_index", "created_at") VALUES (24,13,'For, Since, Already, Yet, Just','Master the key signal words of the Present Perfect.',2,'2026-05-15 13:28:09');
INSERT INTO "grammar_sections" ("id", "lesson_id", "title", "description", "order_index", "created_at") VALUES (25,13,'Present Perfect vs Past Simple','Choose the correct tense for each context.',3,'2026-05-15 13:28:09');
INSERT INTO "grammar_sections" ("id", "lesson_id", "title", "description", "order_index", "created_at") VALUES (26,14,'A vs An','Choose the correct indefinite article based on sound.',1,'2026-05-15 13:28:09');
INSERT INTO "grammar_sections" ("id", "lesson_id", "title", "description", "order_index", "created_at") VALUES (27,14,'The or No Article','Decide when to use the definite article or no article.',2,'2026-05-15 13:28:09');
INSERT INTO "grammar_sections" ("id", "lesson_id", "title", "description", "order_index", "created_at") VALUES (28,15,'Reporting Statements','Change direct statements into reported speech.',1,'2026-05-15 13:28:09');
INSERT INTO "grammar_sections" ("id", "lesson_id", "title", "description", "order_index", "created_at") VALUES (29,15,'Reporting Questions','Change direct questions into reported questions.',2,'2026-05-15 13:28:09');
INSERT INTO "grammar_sections" ("id", "lesson_id", "title", "description", "order_index", "created_at") VALUES (30,15,'Say vs Tell & Tense Changes','Master tense backshift and the say/tell distinction.',3,'2026-05-15 13:28:09');
INSERT INTO "grammar_sections" ("id", "lesson_id", "title", "description", "order_index", "created_at") VALUES (31,16,'Comparatives','Form and use comparative adjectives.',1,'2026-05-15 13:28:09');
INSERT INTO "grammar_sections" ("id", "lesson_id", "title", "description", "order_index", "created_at") VALUES (32,16,'Superlatives','Form and use superlative adjectives.',2,'2026-05-15 13:28:09');
INSERT INTO "grammar_sections" ("id", "lesson_id", "title", "description", "order_index", "created_at") VALUES (33,16,'As...As & Mixed Practice','Use equal comparisons and choose the right form.',3,'2026-05-15 13:28:09');

-- grammar_questions
INSERT INTO "grammar_questions" ("id", "lesson_id", "question", "option_a", "option_b", "option_c", "option_d", "correct", "explanation", "order_index", "created_at", "section_id", "question_type", "fill_answer") VALUES (1,1,'She ___ to school every day.','go','goes','going','gone','B','He/She/It: add -s ??? goes.',1,'2026-05-15 13:28:09',1,'multiple_choice',NULL);
INSERT INTO "grammar_questions" ("id", "lesson_id", "question", "option_a", "option_b", "option_c", "option_d", "correct", "explanation", "order_index", "created_at", "section_id", "question_type", "fill_answer") VALUES (2,1,'They ___ football on weekends.','plays','playing','play','played','C','They (plural) uses the base verb: play.',2,'2026-05-15 13:28:09',1,'multiple_choice',NULL);
INSERT INTO "grammar_questions" ("id", "lesson_id", "question", "option_a", "option_b", "option_c", "option_d", "correct", "explanation", "order_index", "created_at", "section_id", "question_type", "fill_answer") VALUES (3,1,'My brother ___ the guitar every evening.','play','plays','playing','played','B','My brother = He ??? plays.',3,'2026-05-15 13:28:09',1,'multiple_choice',NULL);
INSERT INTO "grammar_questions" ("id", "lesson_id", "question", "option_a", "option_b", "option_c", "option_d", "correct", "explanation", "order_index", "created_at", "section_id", "question_type", "fill_answer") VALUES (4,1,'Water ___ at 100??C.','boil','boiling','boiled','boils','D','Scientific fact, it (water) ??? boils.',4,'2026-05-15 13:28:09',1,'multiple_choice',NULL);
INSERT INTO "grammar_questions" ("id", "lesson_id", "question", "option_a", "option_b", "option_c", "option_d", "correct", "explanation", "order_index", "created_at", "section_id", "question_type", "fill_answer") VALUES (5,1,'The cat ___ on the sofa all day.','sleep','slept','sleeping','sleeps','D','The cat = it ??? sleeps.',5,'2026-05-15 13:28:09',1,'multiple_choice',NULL);
INSERT INTO "grammar_questions" ("id", "lesson_id", "question", "option_a", "option_b", "option_c", "option_d", "correct", "explanation", "order_index", "created_at", "section_id", "question_type", "fill_answer") VALUES (6,1,'He ___ three languages fluently.','speak','speaking','spoke','speaks','D','He ??? speaks.',6,'2026-05-15 13:28:09',1,'multiple_choice',NULL);
INSERT INTO "grammar_questions" ("id", "lesson_id", "question", "option_a", "option_b", "option_c", "option_d", "correct", "explanation", "order_index", "created_at", "section_id", "question_type", "fill_answer") VALUES (7,1,'She _____ (study) for two hours every night.',NULL,NULL,NULL,NULL,NULL,'study: consonant+y ??? ies.',7,'2026-05-15 13:28:09',1,'fill_blank','studies');
INSERT INTO "grammar_questions" ("id", "lesson_id", "question", "option_a", "option_b", "option_c", "option_d", "correct", "explanation", "order_index", "created_at", "section_id", "question_type", "fill_answer") VALUES (8,1,'She ___ like spicy food.','do not','not','does not','is not','C','She uses \"does not\" for negation.',1,'2026-05-15 13:28:09',2,'multiple_choice',NULL);
INSERT INTO "grammar_questions" ("id", "lesson_id", "question", "option_a", "option_b", "option_c", "option_d", "correct", "explanation", "order_index", "created_at", "section_id", "question_type", "fill_answer") VALUES (9,1,'___ you speak English?','Are','Do','Does','Is','B','For I/You/We/They ??? Do.',2,'2026-05-15 13:28:09',2,'multiple_choice',NULL);
INSERT INTO "grammar_questions" ("id", "lesson_id", "question", "option_a", "option_b", "option_c", "option_d", "correct", "explanation", "order_index", "created_at", "section_id", "question_type", "fill_answer") VALUES (10,1,'___ your sister work here?','Do','Are','Is','Does','D','Your sister = She ??? Does.',3,'2026-05-15 13:28:09',2,'multiple_choice',NULL);
INSERT INTO "grammar_questions" ("id", "lesson_id", "question", "option_a", "option_b", "option_c", "option_d", "correct", "explanation", "order_index", "created_at", "section_id", "question_type", "fill_answer") VALUES (11,1,'They ___ eat meat ??? they are vegetarians.','doesn''t','aren''t','don''t','isn''t','C','They ??? don''t.',4,'2026-05-15 13:28:09',2,'multiple_choice',NULL);
INSERT INTO "grammar_questions" ("id", "lesson_id", "question", "option_a", "option_b", "option_c", "option_d", "correct", "explanation", "order_index", "created_at", "section_id", "question_type", "fill_answer") VALUES (12,1,'___ he read the newspaper every morning?','Do','Is','Are','Does','D','He ??? Does.',5,'2026-05-15 13:28:09',2,'multiple_choice',NULL);
INSERT INTO "grammar_questions" ("id", "lesson_id", "question", "option_a", "option_b", "option_c", "option_d", "correct", "explanation", "order_index", "created_at", "section_id", "question_type", "fill_answer") VALUES (13,1,'Which sentence is grammatically correct?','She don''t have a car.','She doesn''t has a car.','She doesn''t have a car.','She not have a car.','C','does not + base verb (have, not has).',6,'2026-05-15 13:28:09',2,'multiple_choice',NULL);
INSERT INTO "grammar_questions" ("id", "lesson_id", "question", "option_a", "option_b", "option_c", "option_d", "correct", "explanation", "order_index", "created_at", "section_id", "question_type", "fill_answer") VALUES (14,1,'_____ Tom and Lisa live in the same city? (question)',NULL,NULL,NULL,NULL,NULL,'Tom and Lisa = They ??? Do.',7,'2026-05-15 13:28:09',2,'fill_blank','Do');
INSERT INTO "grammar_questions" ("id", "lesson_id", "question", "option_a", "option_b", "option_c", "option_d", "correct", "explanation", "order_index", "created_at", "section_id", "question_type", "fill_answer") VALUES (15,1,'Tom usually ___ up at 6 a.m.','wake','woke','waking','wakes','D','Tom = He ??? wakes.',1,'2026-05-15 13:28:09',3,'multiple_choice',NULL);
INSERT INTO "grammar_questions" ("id", "lesson_id", "question", "option_a", "option_b", "option_c", "option_d", "correct", "explanation", "order_index", "created_at", "section_id", "question_type", "fill_answer") VALUES (16,1,'___ it often ___ in London?','Does / rain','Do / rain','Is / rain','Does / rains','A','It ??? Does + base verb (rain).',2,'2026-05-15 13:28:09',3,'multiple_choice',NULL);
INSERT INTO "grammar_questions" ("id", "lesson_id", "question", "option_a", "option_b", "option_c", "option_d", "correct", "explanation", "order_index", "created_at", "section_id", "question_type", "fill_answer") VALUES (17,1,'My parents ___ live near my house.','doesn''t','aren''t','don''t','isn''t','C','My parents = They ??? don''t.',3,'2026-05-15 13:28:09',3,'multiple_choice',NULL);
INSERT INTO "grammar_questions" ("id", "lesson_id", "question", "option_a", "option_b", "option_c", "option_d", "correct", "explanation", "order_index", "created_at", "section_id", "question_type", "fill_answer") VALUES (18,1,'The Earth ___ around the Sun.','move','moving','moved','moves','D','Scientific fact, The Earth = it ??? moves.',4,'2026-05-15 13:28:09',3,'multiple_choice',NULL);
INSERT INTO "grammar_questions" ("id", "lesson_id", "question", "option_a", "option_b", "option_c", "option_d", "correct", "explanation", "order_index", "created_at", "section_id", "question_type", "fill_answer") VALUES (19,1,'He _____ (not/watch) TV after midnight.',NULL,NULL,NULL,NULL,NULL,'He ??? does not (doesn''t) + base verb.',5,'2026-05-15 13:28:09',3,'fill_blank','doesn''t watch');
INSERT INTO "grammar_questions" ("id", "lesson_id", "question", "option_a", "option_b", "option_c", "option_d", "correct", "explanation", "order_index", "created_at", "section_id", "question_type", "fill_answer") VALUES (20,1,'She always _____ (carry) an umbrella.',NULL,NULL,NULL,NULL,NULL,'carry: consonant+y ??? ies.',6,'2026-05-15 13:28:09',3,'fill_blank','carries');
INSERT INTO "grammar_questions" ("id", "lesson_id", "question", "option_a", "option_b", "option_c", "option_d", "correct", "explanation", "order_index", "created_at", "section_id", "question_type", "fill_answer") VALUES (21,2,'What is the -ing form of \"make\"?','makeing','macking','making','makking','C','Drop the -e: make ??? making.',1,'2026-05-15 13:28:09',4,'multiple_choice',NULL);
INSERT INTO "grammar_questions" ("id", "lesson_id", "question", "option_a", "option_b", "option_c", "option_d", "correct", "explanation", "order_index", "created_at", "section_id", "question_type", "fill_answer") VALUES (22,2,'What is the -ing form of \"run\"?','runing','running','runeing','runned','B','Short vowel + consonant: double the n ??? running.',2,'2026-05-15 13:28:09',4,'multiple_choice',NULL);
INSERT INTO "grammar_questions" ("id", "lesson_id", "question", "option_a", "option_b", "option_c", "option_d", "correct", "explanation", "order_index", "created_at", "section_id", "question_type", "fill_answer") VALUES (23,2,'What is the -ing form of \"sit\"?','siting','sitting','siteing','sitten','B','Short vowel + consonant: double the t ??? sitting.',3,'2026-05-15 13:28:09',4,'multiple_choice',NULL);
INSERT INTO "grammar_questions" ("id", "lesson_id", "question", "option_a", "option_b", "option_c", "option_d", "correct", "explanation", "order_index", "created_at", "section_id", "question_type", "fill_answer") VALUES (24,2,'What is the -ing form of \"write\"?','writeing','writting','writing','writng','C','Drop the -e: write ??? writing.',4,'2026-05-15 13:28:09',4,'multiple_choice',NULL);
INSERT INTO "grammar_questions" ("id", "lesson_id", "question", "option_a", "option_b", "option_c", "option_d", "correct", "explanation", "order_index", "created_at", "section_id", "question_type", "fill_answer") VALUES (25,2,'What is the -ing form of \"swim\"?','swiming','swimm','swimming','swimeing','C','Short vowel + consonant: double the m ??? swimming.',5,'2026-05-15 13:28:09',4,'multiple_choice',NULL);
INSERT INTO "grammar_questions" ("id", "lesson_id", "question", "option_a", "option_b", "option_c", "option_d", "correct", "explanation", "order_index", "created_at", "section_id", "question_type", "fill_answer") VALUES (26,2,'What is the -ing form of \"dance\"?',NULL,NULL,NULL,NULL,NULL,'Drop the -e: dance ??? dancing.',6,'2026-05-15 13:28:09',4,'fill_blank','dancing');
INSERT INTO "grammar_questions" ("id", "lesson_id", "question", "option_a", "option_b", "option_c", "option_d", "correct", "explanation", "order_index", "created_at", "section_id", "question_type", "fill_answer") VALUES (27,2,'What is the -ing form of \"get\"?',NULL,NULL,NULL,NULL,NULL,'Short vowel + consonant: double the t ??? getting.',7,'2026-05-15 13:28:09',4,'fill_blank','getting');
INSERT INTO "grammar_questions" ("id", "lesson_id", "question", "option_a", "option_b", "option_c", "option_d", "correct", "explanation", "order_index", "created_at", "section_id", "question_type", "fill_answer") VALUES (28,2,'She ___ a book right now.','read','reads','is reading','are reading','C','She ??? is + verb-ing.',1,'2026-05-15 13:28:09',5,'multiple_choice',NULL);
INSERT INTO "grammar_questions" ("id", "lesson_id", "question", "option_a", "option_b", "option_c", "option_d", "correct", "explanation", "order_index", "created_at", "section_id", "question_type", "fill_answer") VALUES (29,2,'We ___ dinner at the moment.','are having','is having','have','has','A','We ??? are + verb-ing.',2,'2026-05-15 13:28:09',5,'multiple_choice',NULL);
INSERT INTO "grammar_questions" ("id", "lesson_id", "question", "option_a", "option_b", "option_c", "option_d", "correct", "explanation", "order_index", "created_at", "section_id", "question_type", "fill_answer") VALUES (30,2,'He ___ right now ??? he is at the gym.','isn''t sleeping','aren''t sleeping','doesn''t sleeping','not sleeping','A','He ??? is not (isn''t) sleeping.',3,'2026-05-15 13:28:09',5,'multiple_choice',NULL);
INSERT INTO "grammar_questions" ("id", "lesson_id", "question", "option_a", "option_b", "option_c", "option_d", "correct", "explanation", "order_index", "created_at", "section_id", "question_type", "fill_answer") VALUES (31,2,'I ___ to music while I work.','am listening','is listening','are listening','am listen','A','I ??? am + verb-ing.',4,'2026-05-15 13:28:09',5,'multiple_choice',NULL);
INSERT INTO "grammar_questions" ("id", "lesson_id", "question", "option_a", "option_b", "option_c", "option_d", "correct", "explanation", "order_index", "created_at", "section_id", "question_type", "fill_answer") VALUES (32,2,'They ___ because the film is sad.','is crying','are crying','crying','are cry','B','They ??? are + verb-ing.',5,'2026-05-15 13:28:09',5,'multiple_choice',NULL);
INSERT INTO "grammar_questions" ("id", "lesson_id", "question", "option_a", "option_b", "option_c", "option_d", "correct", "explanation", "order_index", "created_at", "section_id", "question_type", "fill_answer") VALUES (33,2,'Which sentence is INCORRECT?','She is knowing the answer.','She is reading a book.','They are playing outside.','He is running to the bus.','A','know is a stative verb ??? not used with -ing.',6,'2026-05-15 13:28:09',5,'multiple_choice',NULL);
INSERT INTO "grammar_questions" ("id", "lesson_id", "question", "option_a", "option_b", "option_c", "option_d", "correct", "explanation", "order_index", "created_at", "section_id", "question_type", "fill_answer") VALUES (34,2,'___ you listening to me right now?','Do','Are','Is','Were','B','You ??? Are + verb-ing.',1,'2026-05-15 13:28:09',6,'multiple_choice',NULL);
INSERT INTO "grammar_questions" ("id", "lesson_id", "question", "option_a", "option_b", "option_c", "option_d", "correct", "explanation", "order_index", "created_at", "section_id", "question_type", "fill_answer") VALUES (35,2,'What ___ she ___ ?','does / do','is / doing','are / doing','does / doing','B','She ??? is + verb-ing: What is she doing?',2,'2026-05-15 13:28:09',6,'multiple_choice',NULL);
INSERT INTO "grammar_questions" ("id", "lesson_id", "question", "option_a", "option_b", "option_c", "option_d", "correct", "explanation", "order_index", "created_at", "section_id", "question_type", "fill_answer") VALUES (36,2,'I usually ___ coffee, but today I ___ tea.','drink / am drinking','am drinking / drink','drinks / am drinking','drink / drinking','A','Habit ??? Simple Present; action now ??? Present Continuous.',3,'2026-05-15 13:28:09',6,'multiple_choice',NULL);
INSERT INTO "grammar_questions" ("id", "lesson_id", "question", "option_a", "option_b", "option_c", "option_d", "correct", "explanation", "order_index", "created_at", "section_id", "question_type", "fill_answer") VALUES (37,2,'Look! The dog ___ in the garden.','plays','is playing','play','are playing','B','Action happening now (Look!) ??? is playing.',4,'2026-05-15 13:28:09',6,'multiple_choice',NULL);
INSERT INTO "grammar_questions" ("id", "lesson_id", "question", "option_a", "option_b", "option_c", "option_d", "correct", "explanation", "order_index", "created_at", "section_id", "question_type", "fill_answer") VALUES (38,2,'_____ (they/study) right now? Yes, they are.',NULL,NULL,NULL,NULL,NULL,'They ??? Are + verb-ing form.',5,'2026-05-15 13:28:09',6,'fill_blank','Are they studying');
INSERT INTO "grammar_questions" ("id", "lesson_id", "question", "option_a", "option_b", "option_c", "option_d", "correct", "explanation", "order_index", "created_at", "section_id", "question_type", "fill_answer") VALUES (39,2,'She _____ (not/talk) on the phone at the moment.',NULL,NULL,NULL,NULL,NULL,'She ??? is not (isn''t) + verb-ing.',6,'2026-05-15 13:28:09',6,'fill_blank','isn''t talking');
INSERT INTO "grammar_questions" ("id", "lesson_id", "question", "option_a", "option_b", "option_c", "option_d", "correct", "explanation", "order_index", "created_at", "section_id", "question_type", "fill_answer") VALUES (40,3,'She ___ for the exam all week.','studyed','studied','studed','studded','B','study: consonant+y ??? ied.',1,'2026-05-15 13:28:09',7,'multiple_choice',NULL);
INSERT INTO "grammar_questions" ("id", "lesson_id", "question", "option_a", "option_b", "option_c", "option_d", "correct", "explanation", "order_index", "created_at", "section_id", "question_type", "fill_answer") VALUES (41,3,'He ___ the car and drove away.','stoped','stopted','stopped','stopp','C','stop: short vowel+consonant ??? doubled p.',2,'2026-05-15 13:28:09',7,'multiple_choice',NULL);
INSERT INTO "grammar_questions" ("id", "lesson_id", "question", "option_a", "option_b", "option_c", "option_d", "correct", "explanation", "order_index", "created_at", "section_id", "question_type", "fill_answer") VALUES (42,3,'We ___ in Paris for two weeks.','livedde','live','lived','living','C','live ??? + d: lived.',3,'2026-05-15 13:28:09',7,'multiple_choice',NULL);
INSERT INTO "grammar_questions" ("id", "lesson_id", "question", "option_a", "option_b", "option_c", "option_d", "correct", "explanation", "order_index", "created_at", "section_id", "question_type", "fill_answer") VALUES (43,3,'They ___ the game easily. (win)','win','winned','wined','won','D','win is irregular: won.',4,'2026-05-15 13:28:09',7,'multiple_choice',NULL);
INSERT INTO "grammar_questions" ("id", "lesson_id", "question", "option_a", "option_b", "option_c", "option_d", "correct", "explanation", "order_index", "created_at", "section_id", "question_type", "fill_answer") VALUES (44,3,'She ___ her keys on the table. (place)','place','placed','placd','placeed','B','place ??? + d: placed.',5,'2026-05-15 13:28:09',7,'multiple_choice',NULL);
INSERT INTO "grammar_questions" ("id", "lesson_id", "question", "option_a", "option_b", "option_c", "option_d", "correct", "explanation", "order_index", "created_at", "section_id", "question_type", "fill_answer") VALUES (45,3,'I _____ (carry) all the bags myself yesterday.',NULL,NULL,NULL,NULL,NULL,'carry: consonant+y ??? ied.',6,'2026-05-15 13:28:09',7,'fill_blank','carried');
INSERT INTO "grammar_questions" ("id", "lesson_id", "question", "option_a", "option_b", "option_c", "option_d", "correct", "explanation", "order_index", "created_at", "section_id", "question_type", "fill_answer") VALUES (46,3,'He _____ (plan) the trip last month.',NULL,NULL,NULL,NULL,NULL,'plan: short vowel+consonant ??? doubled n.',7,'2026-05-15 13:28:09',7,'fill_blank','planned');
INSERT INTO "grammar_questions" ("id", "lesson_id", "question", "option_a", "option_b", "option_c", "option_d", "correct", "explanation", "order_index", "created_at", "section_id", "question_type", "fill_answer") VALUES (47,3,'We ___ to the beach last Sunday.','goed','gone','go','went','D','go ??? went.',1,'2026-05-15 13:28:09',8,'multiple_choice',NULL);
INSERT INTO "grammar_questions" ("id", "lesson_id", "question", "option_a", "option_b", "option_c", "option_d", "correct", "explanation", "order_index", "created_at", "section_id", "question_type", "fill_answer") VALUES (48,3,'She ___ a cake for the party.','maked','make','made','maded','C','make ??? made.',2,'2026-05-15 13:28:09',8,'multiple_choice',NULL);
INSERT INTO "grammar_questions" ("id", "lesson_id", "question", "option_a", "option_b", "option_c", "option_d", "correct", "explanation", "order_index", "created_at", "section_id", "question_type", "fill_answer") VALUES (49,3,'I ___ a great movie last night.','seen','seed','saw','see','C','see ??? saw.',3,'2026-05-15 13:28:09',8,'multiple_choice',NULL);
INSERT INTO "grammar_questions" ("id", "lesson_id", "question", "option_a", "option_b", "option_c", "option_d", "correct", "explanation", "order_index", "created_at", "section_id", "question_type", "fill_answer") VALUES (50,3,'He ___ me a gift on my birthday.','gived','gave','give','gaven','B','give ??? gave.',4,'2026-05-15 13:28:09',8,'multiple_choice',NULL);
INSERT INTO "grammar_questions" ("id", "lesson_id", "question", "option_a", "option_b", "option_c", "option_d", "correct", "explanation", "order_index", "created_at", "section_id", "question_type", "fill_answer") VALUES (51,3,'They ___ breakfast at 7 this morning.','eated','eat','eaten','ate','D','eat ??? ate.',5,'2026-05-15 13:28:09',8,'multiple_choice',NULL);
INSERT INTO "grammar_questions" ("id", "lesson_id", "question", "option_a", "option_b", "option_c", "option_d", "correct", "explanation", "order_index", "created_at", "section_id", "question_type", "fill_answer") VALUES (52,3,'She ___ a lot of water after the run.','drinked','drunk','drank','drink','C','drink ??? drank.',6,'2026-05-15 13:28:09',8,'multiple_choice',NULL);
INSERT INTO "grammar_questions" ("id", "lesson_id", "question", "option_a", "option_b", "option_c", "option_d", "correct", "explanation", "order_index", "created_at", "section_id", "question_type", "fill_answer") VALUES (53,3,'He _____ (buy) a new laptop last week.',NULL,NULL,NULL,NULL,NULL,'buy ??? bought.',7,'2026-05-15 13:28:09',8,'fill_blank','bought');
INSERT INTO "grammar_questions" ("id", "lesson_id", "question", "option_a", "option_b", "option_c", "option_d", "correct", "explanation", "order_index", "created_at", "section_id", "question_type", "fill_answer") VALUES (54,3,'She ___ go to school yesterday ??? she was ill.','doesn''t','didn''t','wasn''t','isn''t','B','Past negative: did not (didn''t) + base verb.',1,'2026-05-15 13:28:09',9,'multiple_choice',NULL);
INSERT INTO "grammar_questions" ("id", "lesson_id", "question", "option_a", "option_b", "option_c", "option_d", "correct", "explanation", "order_index", "created_at", "section_id", "question_type", "fill_answer") VALUES (55,3,'___ you finish the report on time?','Were','Do','Have','Did','D','Past question: Did + subject + base verb.',2,'2026-05-15 13:28:09',9,'multiple_choice',NULL);
INSERT INTO "grammar_questions" ("id", "lesson_id", "question", "option_a", "option_b", "option_c", "option_d", "correct", "explanation", "order_index", "created_at", "section_id", "question_type", "fill_answer") VALUES (56,3,'They ___ enjoy the concert at all.','don''t','didn''t','weren''t','haven''t','B','Past negative: didn''t + base verb.',3,'2026-05-15 13:28:09',9,'multiple_choice',NULL);
INSERT INTO "grammar_questions" ("id", "lesson_id", "question", "option_a", "option_b", "option_c", "option_d", "correct", "explanation", "order_index", "created_at", "section_id", "question_type", "fill_answer") VALUES (57,3,'___ she ___ the book before the exam?','Did / read','Does / read','Was / read','Did / reads','A','Did + subject + base verb (read).',4,'2026-05-15 13:28:09',9,'multiple_choice',NULL);
INSERT INTO "grammar_questions" ("id", "lesson_id", "question", "option_a", "option_b", "option_c", "option_d", "correct", "explanation", "order_index", "created_at", "section_id", "question_type", "fill_answer") VALUES (58,3,'Which sentence is CORRECT?','I didn''t went there.','I didn''t go there.','I not go there.','I went not there.','B','did not + base verb (go, not went).',5,'2026-05-15 13:28:09',9,'multiple_choice',NULL);
INSERT INTO "grammar_questions" ("id", "lesson_id", "question", "option_a", "option_b", "option_c", "option_d", "correct", "explanation", "order_index", "created_at", "section_id", "question_type", "fill_answer") VALUES (59,3,'_____ (you/see) that film last weekend?',NULL,NULL,NULL,NULL,NULL,'Past question: Did + subject + base verb.',6,'2026-05-15 13:28:09',9,'fill_blank','Did you see');
INSERT INTO "grammar_questions" ("id", "lesson_id", "question", "option_a", "option_b", "option_c", "option_d", "correct", "explanation", "order_index", "created_at", "section_id", "question_type", "fill_answer") VALUES (60,4,'I think it ___ tomorrow.','is going to rain','rained','will rain','rains','C','No visible evidence ??? will for prediction.',1,'2026-05-15 13:28:09',10,'multiple_choice',NULL);
INSERT INTO "grammar_questions" ("id", "lesson_id", "question", "option_a", "option_b", "option_c", "option_d", "correct", "explanation", "order_index", "created_at", "section_id", "question_type", "fill_answer") VALUES (61,4,'Hold on, I ___ the door for you.','am going to open','open','will open','opened','C','Spontaneous decision at the moment ??? will.',2,'2026-05-15 13:28:09',10,'multiple_choice',NULL);
INSERT INTO "grammar_questions" ("id", "lesson_id", "question", "option_a", "option_b", "option_c", "option_d", "correct", "explanation", "order_index", "created_at", "section_id", "question_type", "fill_answer") VALUES (62,4,'She promised she ___ on time.','is going to be','would be','will be','was','C','Promise ??? will.',3,'2026-05-15 13:28:09',10,'multiple_choice',NULL);
INSERT INTO "grammar_questions" ("id", "lesson_id", "question", "option_a", "option_b", "option_c", "option_d", "correct", "explanation", "order_index", "created_at", "section_id", "question_type", "fill_answer") VALUES (63,4,'___ you help me with this box?','Are','Do','Will','Were','C','Request/offer ??? Will.',4,'2026-05-15 13:28:09',10,'multiple_choice',NULL);
INSERT INTO "grammar_questions" ("id", "lesson_id", "question", "option_a", "option_b", "option_c", "option_d", "correct", "explanation", "order_index", "created_at", "section_id", "question_type", "fill_answer") VALUES (64,4,'I think she ___ the competition.','wins','is winning','won','will win','D','Prediction ??? will.',5,'2026-05-15 13:28:09',10,'multiple_choice',NULL);
INSERT INTO "grammar_questions" ("id", "lesson_id", "question", "option_a", "option_b", "option_c", "option_d", "correct", "explanation", "order_index", "created_at", "section_id", "question_type", "fill_answer") VALUES (65,4,'Don''t worry, I _____ (help) you with that.',NULL,NULL,NULL,NULL,NULL,'Spontaneous offer ??? will + base verb.',6,'2026-05-15 13:28:09',10,'fill_blank','will help');
INSERT INTO "grammar_questions" ("id", "lesson_id", "question", "option_a", "option_b", "option_c", "option_d", "correct", "explanation", "order_index", "created_at", "section_id", "question_type", "fill_answer") VALUES (66,4,'Look at those dark clouds! It ___ rain.','will','is going to','goes to','shall','B','Visible evidence ??? is going to.',1,'2026-05-15 13:28:09',11,'multiple_choice',NULL);
INSERT INTO "grammar_questions" ("id", "lesson_id", "question", "option_a", "option_b", "option_c", "option_d", "correct", "explanation", "order_index", "created_at", "section_id", "question_type", "fill_answer") VALUES (67,4,'I bought the tickets. We ___ fly to Tokyo.','will','are going to','shall','might','B','Prior plan ??? be going to.',2,'2026-05-15 13:28:09',11,'multiple_choice',NULL);
INSERT INTO "grammar_questions" ("id", "lesson_id", "question", "option_a", "option_b", "option_c", "option_d", "correct", "explanation", "order_index", "created_at", "section_id", "question_type", "fill_answer") VALUES (68,4,'The phone is ringing. I ___ answer it.','am going to','will','shall','would','B','Spontaneous decision ??? will.',3,'2026-05-15 13:28:09',11,'multiple_choice',NULL);
INSERT INTO "grammar_questions" ("id", "lesson_id", "question", "option_a", "option_b", "option_c", "option_d", "correct", "explanation", "order_index", "created_at", "section_id", "question_type", "fill_answer") VALUES (69,4,'She has decided ??? she ___ study medicine.','will','is going to','shall','might','B','Prior decision/intention ??? be going to.',4,'2026-05-15 13:28:09',11,'multiple_choice',NULL);
INSERT INTO "grammar_questions" ("id", "lesson_id", "question", "option_a", "option_b", "option_c", "option_d", "correct", "explanation", "order_index", "created_at", "section_id", "question_type", "fill_answer") VALUES (70,4,'I don''t think he ___ pass ??? he never studies.','goes to pass','is going to pass','will pass','shall pass','C','General prediction, no specific evidence ??? will.',5,'2026-05-15 13:28:09',11,'multiple_choice',NULL);
INSERT INTO "grammar_questions" ("id", "lesson_id", "question", "option_a", "option_b", "option_c", "option_d", "correct", "explanation", "order_index", "created_at", "section_id", "question_type", "fill_answer") VALUES (71,4,'Watch out! You _____ (fall)! (visible danger)',NULL,NULL,NULL,NULL,NULL,'Visible evidence of imminent event ??? be going to.',6,'2026-05-15 13:28:09',11,'fill_blank','are going to fall');
INSERT INTO "grammar_questions" ("id", "lesson_id", "question", "option_a", "option_b", "option_c", "option_d", "correct", "explanation", "order_index", "created_at", "section_id", "question_type", "fill_answer") VALUES (72,5,'If it ___ tomorrow, we will cancel the picnic.','rained','will rain','rains','is raining','C','If-clause: Present Simple.',1,'2026-05-15 13:28:09',12,'multiple_choice',NULL);
INSERT INTO "grammar_questions" ("id", "lesson_id", "question", "option_a", "option_b", "option_c", "option_d", "correct", "explanation", "order_index", "created_at", "section_id", "question_type", "fill_answer") VALUES (73,5,'If you ___ harder, you will succeed.','worked','work','will work','are working','B','If-clause: Present Simple.',2,'2026-05-15 13:28:09',12,'multiple_choice',NULL);
INSERT INTO "grammar_questions" ("id", "lesson_id", "question", "option_a", "option_b", "option_c", "option_d", "correct", "explanation", "order_index", "created_at", "section_id", "question_type", "fill_answer") VALUES (74,5,'She will be upset if you ___ late.','will be','are','were','be','B','If-clause: Present Simple (are).',3,'2026-05-15 13:28:09',12,'multiple_choice',NULL);
INSERT INTO "grammar_questions" ("id", "lesson_id", "question", "option_a", "option_b", "option_c", "option_d", "correct", "explanation", "order_index", "created_at", "section_id", "question_type", "fill_answer") VALUES (75,5,'If he passes the exam, he ___ go to university.','would','will','can','might','B','Main clause: will + base verb.',4,'2026-05-15 13:28:09',12,'multiple_choice',NULL);
INSERT INTO "grammar_questions" ("id", "lesson_id", "question", "option_a", "option_b", "option_c", "option_d", "correct", "explanation", "order_index", "created_at", "section_id", "question_type", "fill_answer") VALUES (76,5,'Which is a correct First Conditional?','If it will rain, I stay home.','If it rains, I will stay home.','If it rained, I will stay home.','If it rains, I stayed home.','B','If + Present Simple, will + base verb.',5,'2026-05-15 13:28:09',12,'multiple_choice',NULL);
INSERT INTO "grammar_questions" ("id", "lesson_id", "question", "option_a", "option_b", "option_c", "option_d", "correct", "explanation", "order_index", "created_at", "section_id", "question_type", "fill_answer") VALUES (77,5,'If she _____ (study) now, she will pass.',NULL,NULL,NULL,NULL,NULL,'If-clause: Present Simple, she ??? studies.',6,'2026-05-15 13:28:09',12,'fill_blank','studies');
INSERT INTO "grammar_questions" ("id", "lesson_id", "question", "option_a", "option_b", "option_c", "option_d", "correct", "explanation", "order_index", "created_at", "section_id", "question_type", "fill_answer") VALUES (78,5,'If I find your wallet, I ___ call you immediately.','would','will','am going to','should','B','Real possible future ??? will.',1,'2026-05-15 13:28:09',13,'multiple_choice',NULL);
INSERT INTO "grammar_questions" ("id", "lesson_id", "question", "option_a", "option_b", "option_c", "option_d", "correct", "explanation", "order_index", "created_at", "section_id", "question_type", "fill_answer") VALUES (79,5,'If you ___ the bus, you will be late.','miss','will miss','missed','are missing','A','If-clause ??? Present Simple.',2,'2026-05-15 13:28:09',13,'multiple_choice',NULL);
INSERT INTO "grammar_questions" ("id", "lesson_id", "question", "option_a", "option_b", "option_c", "option_d", "correct", "explanation", "order_index", "created_at", "section_id", "question_type", "fill_answer") VALUES (80,5,'We ___ be able to leave if we finish the work.','would','will','could','should','B','First conditional main clause ??? will.',3,'2026-05-15 13:28:09',13,'multiple_choice',NULL);
INSERT INTO "grammar_questions" ("id", "lesson_id", "question", "option_a", "option_b", "option_c", "option_d", "correct", "explanation", "order_index", "created_at", "section_id", "question_type", "fill_answer") VALUES (81,5,'If the weather ___ nice, we''ll go for a walk.','will be','would be','is','was','C','If-clause ??? Present Simple.',4,'2026-05-15 13:28:09',13,'multiple_choice',NULL);
INSERT INTO "grammar_questions" ("id", "lesson_id", "question", "option_a", "option_b", "option_c", "option_d", "correct", "explanation", "order_index", "created_at", "section_id", "question_type", "fill_answer") VALUES (82,5,'If you _____ (not/hurry), we will miss the train.',NULL,NULL,NULL,NULL,NULL,'Negative if-clause: don''t + base verb.',5,'2026-05-15 13:28:09',13,'fill_blank','don''t hurry');
INSERT INTO "grammar_questions" ("id", "lesson_id", "question", "option_a", "option_b", "option_c", "option_d", "correct", "explanation", "order_index", "created_at", "section_id", "question_type", "fill_answer") VALUES (83,5,'If I see him, I _____ (tell) him the news.',NULL,NULL,NULL,NULL,NULL,'Main clause: will + base verb.',6,'2026-05-15 13:28:09',13,'fill_blank','will tell');
INSERT INTO "grammar_questions" ("id", "lesson_id", "question", "option_a", "option_b", "option_c", "option_d", "correct", "explanation", "order_index", "created_at", "section_id", "question_type", "fill_answer") VALUES (84,5,'If you come early, you ___ help us set up.','will','can','would','should','B','can expresses ability/possibility.',1,'2026-05-15 13:28:09',14,'multiple_choice',NULL);
INSERT INTO "grammar_questions" ("id", "lesson_id", "question", "option_a", "option_b", "option_c", "option_d", "correct", "explanation", "order_index", "created_at", "section_id", "question_type", "fill_answer") VALUES (85,5,'If she asks, you ___ tell her the truth.','will','can','should','would','C','should expresses advice.',2,'2026-05-15 13:28:09',14,'multiple_choice',NULL);
INSERT INTO "grammar_questions" ("id", "lesson_id", "question", "option_a", "option_b", "option_c", "option_d", "correct", "explanation", "order_index", "created_at", "section_id", "question_type", "fill_answer") VALUES (86,5,'If it rains tonight, they ___ cancel the match.','can','might','would','should','B','might expresses possibility.',3,'2026-05-15 13:28:09',14,'multiple_choice',NULL);
INSERT INTO "grammar_questions" ("id", "lesson_id", "question", "option_a", "option_b", "option_c", "option_d", "correct", "explanation", "order_index", "created_at", "section_id", "question_type", "fill_answer") VALUES (87,5,'If you need help, I ___ be available.','would','will','might','should','C','might for uncertain availability.',4,'2026-05-15 13:28:09',14,'multiple_choice',NULL);
INSERT INTO "grammar_questions" ("id", "lesson_id", "question", "option_a", "option_b", "option_c", "option_d", "correct", "explanation", "order_index", "created_at", "section_id", "question_type", "fill_answer") VALUES (88,5,'If we leave now, we ___ catch the 8 o''clock train.','can','might','will','should','C','will for certain result if condition is met.',5,'2026-05-15 13:28:09',14,'multiple_choice',NULL);
INSERT INTO "grammar_questions" ("id", "lesson_id", "question", "option_a", "option_b", "option_c", "option_d", "correct", "explanation", "order_index", "created_at", "section_id", "question_type", "fill_answer") VALUES (89,6,'If I ___ a million dollars, I would buy a house.','have','will have','had','would have','C','If-clause: Past Simple (had).',1,'2026-05-15 13:28:09',15,'multiple_choice',NULL);
INSERT INTO "grammar_questions" ("id", "lesson_id", "question", "option_a", "option_b", "option_c", "option_d", "correct", "explanation", "order_index", "created_at", "section_id", "question_type", "fill_answer") VALUES (90,6,'If she ___ taller, she would be a basketball player.','is','was','were','would be','C','If-clause: were for hypothetical.',2,'2026-05-15 13:28:09',15,'multiple_choice',NULL);
INSERT INTO "grammar_questions" ("id", "lesson_id", "question", "option_a", "option_b", "option_c", "option_d", "correct", "explanation", "order_index", "created_at", "section_id", "question_type", "fill_answer") VALUES (91,6,'He would travel the world if he ___ enough money.','has','will have','had','would have','C','If-clause: Past Simple (had).',3,'2026-05-15 13:28:09',15,'multiple_choice',NULL);
INSERT INTO "grammar_questions" ("id", "lesson_id", "question", "option_a", "option_b", "option_c", "option_d", "correct", "explanation", "order_index", "created_at", "section_id", "question_type", "fill_answer") VALUES (92,6,'If I were you, I ___ apologize immediately.','will','would','could','should','B','Main clause: would + base verb.',4,'2026-05-15 13:28:09',15,'multiple_choice',NULL);
INSERT INTO "grammar_questions" ("id", "lesson_id", "question", "option_a", "option_b", "option_c", "option_d", "correct", "explanation", "order_index", "created_at", "section_id", "question_type", "fill_answer") VALUES (93,6,'Which is a correct Second Conditional?','If I have time, I would call.','If I had time, I would call.','If I had time, I will call.','If I would have time, I would call.','B','If + Past Simple, would + base verb.',5,'2026-05-15 13:28:09',15,'multiple_choice',NULL);
INSERT INTO "grammar_questions" ("id", "lesson_id", "question", "option_a", "option_b", "option_c", "option_d", "correct", "explanation", "order_index", "created_at", "section_id", "question_type", "fill_answer") VALUES (94,6,'If she _____ (know) the answer, she would tell us.',NULL,NULL,NULL,NULL,NULL,'If-clause: Past Simple (know ??? knew).',6,'2026-05-15 13:28:09',15,'fill_blank','knew');
INSERT INTO "grammar_questions" ("id", "lesson_id", "question", "option_a", "option_b", "option_c", "option_d", "correct", "explanation", "order_index", "created_at", "section_id", "question_type", "fill_answer") VALUES (95,6,'If it rains, I ___ stay inside. (likely)','would','will','could','might','B','Likely/real ??? First Conditional: will.',1,'2026-05-15 13:28:09',16,'multiple_choice',NULL);
INSERT INTO "grammar_questions" ("id", "lesson_id", "question", "option_a", "option_b", "option_c", "option_d", "correct", "explanation", "order_index", "created_at", "section_id", "question_type", "fill_answer") VALUES (96,6,'If I ___ a bird, I would fly everywhere. (imaginary)','am','was','were','will be','C','Imaginary ??? Second Conditional: were.',2,'2026-05-15 13:28:09',16,'multiple_choice',NULL);
INSERT INTO "grammar_questions" ("id", "lesson_id", "question", "option_a", "option_b", "option_c", "option_d", "correct", "explanation", "order_index", "created_at", "section_id", "question_type", "fill_answer") VALUES (97,6,'If you exercise regularly, you ___ feel better. (real advice)','would','will','should','could','B','Real/possible ??? First Conditional: will.',3,'2026-05-15 13:28:09',16,'multiple_choice',NULL);
INSERT INTO "grammar_questions" ("id", "lesson_id", "question", "option_a", "option_b", "option_c", "option_d", "correct", "explanation", "order_index", "created_at", "section_id", "question_type", "fill_answer") VALUES (98,6,'If she ___ the president, she would change the laws. (hypothetical)','is','was','were','will be','C','Hypothetical ??? Second Conditional: were.',4,'2026-05-15 13:28:09',16,'multiple_choice',NULL);
INSERT INTO "grammar_questions" ("id", "lesson_id", "question", "option_a", "option_b", "option_c", "option_d", "correct", "explanation", "order_index", "created_at", "section_id", "question_type", "fill_answer") VALUES (99,6,'Which uses the Second Conditional correctly?','If he works hard, he will pass.','If he works hard, he would pass.','If he worked hard, he would pass.','If he worked hard, he will pass.','C','If + Past Simple, would + base verb.',5,'2026-05-15 13:28:09',16,'multiple_choice',NULL);
INSERT INTO "grammar_questions" ("id", "lesson_id", "question", "option_a", "option_b", "option_c", "option_d", "correct", "explanation", "order_index", "created_at", "section_id", "question_type", "fill_answer") VALUES (100,6,'If they _____ (live) in the city, they would have more options.',NULL,NULL,NULL,NULL,NULL,'If-clause: Past Simple (live ??? lived).',6,'2026-05-15 13:28:09',16,'fill_blank','lived');
INSERT INTO "grammar_questions" ("id", "lesson_id", "question", "option_a", "option_b", "option_c", "option_d", "correct", "explanation", "order_index", "created_at", "section_id", "question_type", "fill_answer") VALUES (101,7,'The room ___ every day. (present passive)','cleans','is cleaned','are cleaned','was cleaned','B','Present simple passive: is + past participle.',1,'2026-05-15 13:28:09',17,'multiple_choice',NULL);
INSERT INTO "grammar_questions" ("id", "lesson_id", "question", "option_a", "option_b", "option_c", "option_d", "correct", "explanation", "order_index", "created_at", "section_id", "question_type", "fill_answer") VALUES (102,7,'This bridge ___ in 1920. (past passive)','built','is built','was built','were built','C','Past simple passive: was + past participle.',2,'2026-05-15 13:28:09',17,'multiple_choice',NULL);
INSERT INTO "grammar_questions" ("id", "lesson_id", "question", "option_a", "option_b", "option_c", "option_d", "correct", "explanation", "order_index", "created_at", "section_id", "question_type", "fill_answer") VALUES (103,7,'English ___ all over the world. (present passive)','speak','spoke','is spoken','are spoken','C','Present passive: is + spoken.',3,'2026-05-15 13:28:09',17,'multiple_choice',NULL);
INSERT INTO "grammar_questions" ("id", "lesson_id", "question", "option_a", "option_b", "option_c", "option_d", "correct", "explanation", "order_index", "created_at", "section_id", "question_type", "fill_answer") VALUES (104,7,'The letter ___ yesterday. (past passive)','sends','was sent','is sent','send','B','Past passive: was + past participle.',4,'2026-05-15 13:28:09',17,'multiple_choice',NULL);
INSERT INTO "grammar_questions" ("id", "lesson_id", "question", "option_a", "option_b", "option_c", "option_d", "correct", "explanation", "order_index", "created_at", "section_id", "question_type", "fill_answer") VALUES (105,7,'Many cars ___ in Germany. (present passive)','makes','is made','are made','make','C','Many cars (plural) ??? are made.',5,'2026-05-15 13:28:09',17,'multiple_choice',NULL);
INSERT INTO "grammar_questions" ("id", "lesson_id", "question", "option_a", "option_b", "option_c", "option_d", "correct", "explanation", "order_index", "created_at", "section_id", "question_type", "fill_answer") VALUES (106,7,'The painting ___ by Picasso. (past passive)','was painted','is painting','were painted','paints','A','Past passive: was + painted.',6,'2026-05-15 13:28:09',17,'multiple_choice',NULL);
INSERT INTO "grammar_questions" ("id", "lesson_id", "question", "option_a", "option_b", "option_c", "option_d", "correct", "explanation", "order_index", "created_at", "section_id", "question_type", "fill_answer") VALUES (107,7,'Active: \"They clean the office every day.\" ??? Passive?','The office clean every day.','The office is cleaned every day.','The office was cleaned every day.','The office are cleaned every day.','B','Present simple passive: is cleaned.',1,'2026-05-15 13:28:09',18,'multiple_choice',NULL);
INSERT INTO "grammar_questions" ("id", "lesson_id", "question", "option_a", "option_b", "option_c", "option_d", "correct", "explanation", "order_index", "created_at", "section_id", "question_type", "fill_answer") VALUES (108,7,'Active: \"Someone stole my bike.\" ??? Passive?','My bike stole.','My bike was stolen.','My bike is stolen.','My bike were stolen.','B','Past simple passive: was stolen.',2,'2026-05-15 13:28:09',18,'multiple_choice',NULL);
INSERT INTO "grammar_questions" ("id", "lesson_id", "question", "option_a", "option_b", "option_c", "option_d", "correct", "explanation", "order_index", "created_at", "section_id", "question_type", "fill_answer") VALUES (109,7,'Active: \"They will finish the project.\" ??? Passive?','The project finished.','The project is finished.','The project will be finished.','The project will finished.','C','Future passive: will be + past participle.',3,'2026-05-15 13:28:09',18,'multiple_choice',NULL);
INSERT INTO "grammar_questions" ("id", "lesson_id", "question", "option_a", "option_b", "option_c", "option_d", "correct", "explanation", "order_index", "created_at", "section_id", "question_type", "fill_answer") VALUES (110,7,'Active: \"She writes the report.\" ??? The report _____ by her.',NULL,NULL,NULL,NULL,NULL,'Present simple passive: is + written.',4,'2026-05-15 13:28:09',18,'fill_blank','is written');
INSERT INTO "grammar_questions" ("id", "lesson_id", "question", "option_a", "option_b", "option_c", "option_d", "correct", "explanation", "order_index", "created_at", "section_id", "question_type", "fill_answer") VALUES (111,7,'Active: \"They built this church in 1850.\" ??? This church _____ in 1850.',NULL,NULL,NULL,NULL,NULL,'Past simple passive: was + built.',5,'2026-05-15 13:28:09',18,'fill_blank','was built');
INSERT INTO "grammar_questions" ("id", "lesson_id", "question", "option_a", "option_b", "option_c", "option_d", "correct", "explanation", "order_index", "created_at", "section_id", "question_type", "fill_answer") VALUES (112,7,'The report ___ already. (Present Perfect Passive)','has been written','is been written','was written','have been written','A','Present perfect passive: has been + past participle.',1,'2026-05-15 13:28:09',19,'multiple_choice',NULL);
INSERT INTO "grammar_questions" ("id", "lesson_id", "question", "option_a", "option_b", "option_c", "option_d", "correct", "explanation", "order_index", "created_at", "section_id", "question_type", "fill_answer") VALUES (113,7,'The form ___ before you leave. (Modal Passive)','must sign','must be sign','must be signed','must signed','C','Modal passive: must be + past participle.',2,'2026-05-15 13:28:09',19,'multiple_choice',NULL);
INSERT INTO "grammar_questions" ("id", "lesson_id", "question", "option_a", "option_b", "option_c", "option_d", "correct", "explanation", "order_index", "created_at", "section_id", "question_type", "fill_answer") VALUES (114,7,'The new road ___ by year end. (Future Passive)','will finish','will be finished','will been finished','is being finished','B','Future passive: will be + past participle.',3,'2026-05-15 13:28:09',19,'multiple_choice',NULL);
INSERT INTO "grammar_questions" ("id", "lesson_id", "question", "option_a", "option_b", "option_c", "option_d", "correct", "explanation", "order_index", "created_at", "section_id", "question_type", "fill_answer") VALUES (115,7,'The results ___ at the moment. (Present Continuous Passive)','is being analyzed','are being analyzed','are analyzed','were being analyzed','B','Present continuous passive: are being + past participle.',4,'2026-05-15 13:28:09',19,'multiple_choice',NULL);
INSERT INTO "grammar_questions" ("id", "lesson_id", "question", "option_a", "option_b", "option_c", "option_d", "correct", "explanation", "order_index", "created_at", "section_id", "question_type", "fill_answer") VALUES (116,7,'A cure ___ yet for that disease. (Present Perfect Passive)','hasn''t found','hasn''t been found','wasn''t found','isn''t found','B','Present perfect passive: has not been + past participle.',5,'2026-05-15 13:28:09',19,'multiple_choice',NULL);
INSERT INTO "grammar_questions" ("id", "lesson_id", "question", "option_a", "option_b", "option_c", "option_d", "correct", "explanation", "order_index", "created_at", "section_id", "question_type", "fill_answer") VALUES (117,7,'The suspect _____ (question) by police right now. (continuous passive)',NULL,NULL,NULL,NULL,NULL,'Present continuous passive: is being + past participle.',6,'2026-05-15 13:28:09',19,'fill_blank','is being questioned');
INSERT INTO "grammar_questions" ("id", "lesson_id", "question", "option_a", "option_b", "option_c", "option_d", "correct", "explanation", "order_index", "created_at", "section_id", "question_type", "fill_answer") VALUES (118,8,'The man ___ called yesterday is my uncle.','which','that','whose','where','B','that can refer to people in defining clauses.',1,'2026-05-15 13:28:09',20,'multiple_choice',NULL);
INSERT INTO "grammar_questions" ("id", "lesson_id", "question", "option_a", "option_b", "option_c", "option_d", "correct", "explanation", "order_index", "created_at", "section_id", "question_type", "fill_answer") VALUES (119,8,'The book ___ I bought last week is very interesting.','who','whose','which','where','C','which refers to things.',2,'2026-05-15 13:28:09',20,'multiple_choice',NULL);
INSERT INTO "grammar_questions" ("id", "lesson_id", "question", "option_a", "option_b", "option_c", "option_d", "correct", "explanation", "order_index", "created_at", "section_id", "question_type", "fill_answer") VALUES (120,8,'She is the student ___ won the prize.','which','that','where','whose','B','that refers to people in defining clauses.',3,'2026-05-15 13:28:09',20,'multiple_choice',NULL);
INSERT INTO "grammar_questions" ("id", "lesson_id", "question", "option_a", "option_b", "option_c", "option_d", "correct", "explanation", "order_index", "created_at", "section_id", "question_type", "fill_answer") VALUES (121,8,'The car ___ is parked outside belongs to my neighbor.','who','whom','that','where','C','that refers to things.',4,'2026-05-15 13:28:09',20,'multiple_choice',NULL);
INSERT INTO "grammar_questions" ("id", "lesson_id", "question", "option_a", "option_b", "option_c", "option_d", "correct", "explanation", "order_index", "created_at", "section_id", "question_type", "fill_answer") VALUES (122,8,'I met a doctor ___ specialized in neurology.','which','that','where','whose','B','that (or who) refers to a person.',5,'2026-05-15 13:28:09',20,'multiple_choice',NULL);
INSERT INTO "grammar_questions" ("id", "lesson_id", "question", "option_a", "option_b", "option_c", "option_d", "correct", "explanation", "order_index", "created_at", "section_id", "question_type", "fill_answer") VALUES (123,8,'The film ___ we watched last night was amazing.','who','that','whose','whom','B','that refers to things.',6,'2026-05-15 13:28:09',20,'multiple_choice',NULL);
INSERT INTO "grammar_questions" ("id", "lesson_id", "question", "option_a", "option_b", "option_c", "option_d", "correct", "explanation", "order_index", "created_at", "section_id", "question_type", "fill_answer") VALUES (124,8,'This is the city ___ I was born.','when','that','which','where','D','where refers to places.',1,'2026-05-15 13:28:09',21,'multiple_choice',NULL);
INSERT INTO "grammar_questions" ("id", "lesson_id", "question", "option_a", "option_b", "option_c", "option_d", "correct", "explanation", "order_index", "created_at", "section_id", "question_type", "fill_answer") VALUES (125,8,'I remember the day ___ we first met.','where','which','when','that','C','when refers to time.',2,'2026-05-15 13:28:09',21,'multiple_choice',NULL);
INSERT INTO "grammar_questions" ("id", "lesson_id", "question", "option_a", "option_b", "option_c", "option_d", "correct", "explanation", "order_index", "created_at", "section_id", "question_type", "fill_answer") VALUES (126,8,'The woman ___ car was stolen called the police.','who','which','that','whose','D','whose shows possession.',3,'2026-05-15 13:28:09',21,'multiple_choice',NULL);
INSERT INTO "grammar_questions" ("id", "lesson_id", "question", "option_a", "option_b", "option_c", "option_d", "correct", "explanation", "order_index", "created_at", "section_id", "question_type", "fill_answer") VALUES (127,8,'The hotel ___ we stayed was very comfortable.','which','that','when','where','D','where refers to places.',4,'2026-05-15 13:28:09',21,'multiple_choice',NULL);
INSERT INTO "grammar_questions" ("id", "lesson_id", "question", "option_a", "option_b", "option_c", "option_d", "correct", "explanation", "order_index", "created_at", "section_id", "question_type", "fill_answer") VALUES (128,8,'The student _____ phone rang was asked to leave.',NULL,NULL,NULL,NULL,NULL,'whose shows possession.',5,'2026-05-15 13:28:09',21,'fill_blank','whose');
INSERT INTO "grammar_questions" ("id", "lesson_id", "question", "option_a", "option_b", "option_c", "option_d", "correct", "explanation", "order_index", "created_at", "section_id", "question_type", "fill_answer") VALUES (129,8,'2020 was the year _____ everything changed.',NULL,NULL,NULL,NULL,NULL,'when refers to a point in time.',6,'2026-05-15 13:28:09',21,'fill_blank','when');
INSERT INTO "grammar_questions" ("id", "lesson_id", "question", "option_a", "option_b", "option_c", "option_d", "correct", "explanation", "order_index", "created_at", "section_id", "question_type", "fill_answer") VALUES (130,8,'Which sentence contains a NON-DEFINING relative clause?','The woman who called is my sister.','My sister, who lives in Paris, is visiting.','The book that I bought is good.','I know the man that works here.','B','Non-defining: extra info in commas, not essential.',1,'2026-05-15 13:28:09',22,'multiple_choice',NULL);
INSERT INTO "grammar_questions" ("id", "lesson_id", "question", "option_a", "option_b", "option_c", "option_d", "correct", "explanation", "order_index", "created_at", "section_id", "question_type", "fill_answer") VALUES (131,8,'In a non-defining relative clause you can use:','that only','who or which (NOT that)','whose only','where only','B','that is NOT used in non-defining clauses.',2,'2026-05-15 13:28:09',22,'multiple_choice',NULL);
INSERT INTO "grammar_questions" ("id", "lesson_id", "question", "option_a", "option_b", "option_c", "option_d", "correct", "explanation", "order_index", "created_at", "section_id", "question_type", "fill_answer") VALUES (132,8,'The Eiffel Tower, ___ was built in 1889, is in Paris.','that','which','who','where','B','Non-defining about a thing ??? which.',3,'2026-05-15 13:28:09',22,'multiple_choice',NULL);
INSERT INTO "grammar_questions" ("id", "lesson_id", "question", "option_a", "option_b", "option_c", "option_d", "correct", "explanation", "order_index", "created_at", "section_id", "question_type", "fill_answer") VALUES (133,8,'My father, ___ is 60, still runs every morning.','that','which','who','whose','C','Non-defining about a person ??? who.',4,'2026-05-15 13:28:09',22,'multiple_choice',NULL);
INSERT INTO "grammar_questions" ("id", "lesson_id", "question", "option_a", "option_b", "option_c", "option_d", "correct", "explanation", "order_index", "created_at", "section_id", "question_type", "fill_answer") VALUES (134,8,'Which sentence is punctuated CORRECTLY?','The man, who I met yesterday, was very kind.','The man who I met yesterday was very kind.','The man who, I met yesterday, was very kind.','The man who I met, yesterday was very kind.','B','Defining relative clause: no commas needed.',5,'2026-05-15 13:28:09',22,'multiple_choice',NULL);
INSERT INTO "grammar_questions" ("id", "lesson_id", "question", "option_a", "option_b", "option_c", "option_d", "correct", "explanation", "order_index", "created_at", "section_id", "question_type", "fill_answer") VALUES (135,13,'She ___ her homework. (present perfect)','has finish','has finished','have finished','finished','B','She ??? has + past participle.',1,'2026-05-15 13:28:09',23,'multiple_choice',NULL);
INSERT INTO "grammar_questions" ("id", "lesson_id", "question", "option_a", "option_b", "option_c", "option_d", "correct", "explanation", "order_index", "created_at", "section_id", "question_type", "fill_answer") VALUES (136,13,'They ___ this film three times.','have seen','has seen','saw','see','A','They ??? have + past participle.',2,'2026-05-15 13:28:09',23,'multiple_choice',NULL);
INSERT INTO "grammar_questions" ("id", "lesson_id", "question", "option_a", "option_b", "option_c", "option_d", "correct", "explanation", "order_index", "created_at", "section_id", "question_type", "fill_answer") VALUES (137,13,'I have never ___ sushi.','eat','ate','eaten','eated','C','Present perfect: have + past participle (eaten).',3,'2026-05-15 13:28:09',23,'multiple_choice',NULL);
INSERT INTO "grammar_questions" ("id", "lesson_id", "question", "option_a", "option_b", "option_c", "option_d", "correct", "explanation", "order_index", "created_at", "section_id", "question_type", "fill_answer") VALUES (138,13,'___ you ever ___ to Japan?','Did / go','Have / been','Has / gone','Have / went','B','Have + subject + ever + past participle (been).',4,'2026-05-15 13:28:09',23,'multiple_choice',NULL);
INSERT INTO "grammar_questions" ("id", "lesson_id", "question", "option_a", "option_b", "option_c", "option_d", "correct", "explanation", "order_index", "created_at", "section_id", "question_type", "fill_answer") VALUES (139,13,'He ___ his keys ??? he can''t get in.','lost','has lost','have lost','was losing','B','Recent action with present result ??? has lost.',5,'2026-05-15 13:28:09',23,'multiple_choice',NULL);
INSERT INTO "grammar_questions" ("id", "lesson_id", "question", "option_a", "option_b", "option_c", "option_d", "correct", "explanation", "order_index", "created_at", "section_id", "question_type", "fill_answer") VALUES (140,13,'We _____ (not/see) that film yet.',NULL,NULL,NULL,NULL,NULL,'We ??? have not (haven''t) + past participle.',6,'2026-05-15 13:28:09',23,'fill_blank','haven''t seen');
INSERT INTO "grammar_questions" ("id", "lesson_id", "question", "option_a", "option_b", "option_c", "option_d", "correct", "explanation", "order_index", "created_at", "section_id", "question_type", "fill_answer") VALUES (141,13,'_____ (she/finish) the report?',NULL,NULL,NULL,NULL,NULL,'She ??? Has + subject + past participle.',7,'2026-05-15 13:28:09',23,'fill_blank','Has she finished');
INSERT INTO "grammar_questions" ("id", "lesson_id", "question", "option_a", "option_b", "option_c", "option_d", "correct", "explanation", "order_index", "created_at", "section_id", "question_type", "fill_answer") VALUES (142,13,'I have lived here ___ 5 years.','since','for','ago','during','B','for + duration.',1,'2026-05-15 13:28:09',24,'multiple_choice',NULL);
INSERT INTO "grammar_questions" ("id", "lesson_id", "question", "option_a", "option_b", "option_c", "option_d", "correct", "explanation", "order_index", "created_at", "section_id", "question_type", "fill_answer") VALUES (143,13,'She has worked at this company ___ 2018.','for','ago','since','during','C','since + starting point.',2,'2026-05-15 13:28:09',24,'multiple_choice',NULL);
INSERT INTO "grammar_questions" ("id", "lesson_id", "question", "option_a", "option_b", "option_c", "option_d", "correct", "explanation", "order_index", "created_at", "section_id", "question_type", "fill_answer") VALUES (144,13,'Have you done your homework ___?','yet','just','already','since','A','yet in questions/negatives.',3,'2026-05-15 13:28:09',24,'multiple_choice',NULL);
INSERT INTO "grammar_questions" ("id", "lesson_id", "question", "option_a", "option_b", "option_c", "option_d", "correct", "explanation", "order_index", "created_at", "section_id", "question_type", "fill_answer") VALUES (145,13,'I have ___ had breakfast ??? I''m not hungry.','yet','since','already','just','C','already: completed before expected time.',4,'2026-05-15 13:28:09',24,'multiple_choice',NULL);
INSERT INTO "grammar_questions" ("id", "lesson_id", "question", "option_a", "option_b", "option_c", "option_d", "correct", "explanation", "order_index", "created_at", "section_id", "question_type", "fill_answer") VALUES (146,13,'He has ___ arrived ??? he''s still in the car.','already','yet','just','for','C','just: very recently.',5,'2026-05-15 13:28:09',24,'multiple_choice',NULL);
INSERT INTO "grammar_questions" ("id", "lesson_id", "question", "option_a", "option_b", "option_c", "option_d", "correct", "explanation", "order_index", "created_at", "section_id", "question_type", "fill_answer") VALUES (147,13,'They have known each other _____ they were children.',NULL,NULL,NULL,NULL,NULL,'since + starting point in the past.',6,'2026-05-15 13:28:09',24,'fill_blank','since');
INSERT INTO "grammar_questions" ("id", "lesson_id", "question", "option_a", "option_b", "option_c", "option_d", "correct", "explanation", "order_index", "created_at", "section_id", "question_type", "fill_answer") VALUES (148,13,'Has she called you _____? No, not yet.',NULL,NULL,NULL,NULL,NULL,'yet used in questions and negatives.',7,'2026-05-15 13:28:09',24,'fill_blank','yet');
INSERT INTO "grammar_questions" ("id", "lesson_id", "question", "option_a", "option_b", "option_c", "option_d", "correct", "explanation", "order_index", "created_at", "section_id", "question_type", "fill_answer") VALUES (149,13,'I ___ my keys. I can''t find them. (result now)','lost','have lost','had lost','did lose','B','Present result ??? Present Perfect.',1,'2026-05-15 13:28:09',25,'multiple_choice',NULL);
INSERT INTO "grammar_questions" ("id", "lesson_id", "question", "option_a", "option_b", "option_c", "option_d", "correct", "explanation", "order_index", "created_at", "section_id", "question_type", "fill_answer") VALUES (150,13,'She ___ in London from 2010 to 2015. (finished)','has lived','lived','has been living','is living','B','Specific finished time ??? Past Simple.',2,'2026-05-15 13:28:09',25,'multiple_choice',NULL);
INSERT INTO "grammar_questions" ("id", "lesson_id", "question", "option_a", "option_b", "option_c", "option_d", "correct", "explanation", "order_index", "created_at", "section_id", "question_type", "fill_answer") VALUES (151,13,'___ you ever eat raw fish? (experience)','Did','Have','Do','Had','B','Life experience ??? Present Perfect: Have.',3,'2026-05-15 13:28:09',25,'multiple_choice',NULL);
INSERT INTO "grammar_questions" ("id", "lesson_id", "question", "option_a", "option_b", "option_c", "option_d", "correct", "explanation", "order_index", "created_at", "section_id", "question_type", "fill_answer") VALUES (152,13,'I ___ this book when I was 12. (specific past time)','have read','read','had read','reads','B','Specific past time ??? Past Simple.',4,'2026-05-15 13:28:09',25,'multiple_choice',NULL);
INSERT INTO "grammar_questions" ("id", "lesson_id", "question", "option_a", "option_b", "option_c", "option_d", "correct", "explanation", "order_index", "created_at", "section_id", "question_type", "fill_answer") VALUES (153,13,'They ___ three movies this week. (week not finished)','watched','have watched','had watched','watch','B','Unfinished time period ??? Present Perfect.',5,'2026-05-15 13:28:09',25,'multiple_choice',NULL);
INSERT INTO "grammar_questions" ("id", "lesson_id", "question", "option_a", "option_b", "option_c", "option_d", "correct", "explanation", "order_index", "created_at", "section_id", "question_type", "fill_answer") VALUES (154,13,'I _____ (already/eat), so I''m not hungry.',NULL,NULL,NULL,NULL,NULL,'Present Perfect with already.',6,'2026-05-15 13:28:09',25,'fill_blank','have already eaten');
INSERT INTO "grammar_questions" ("id", "lesson_id", "question", "option_a", "option_b", "option_c", "option_d", "correct", "explanation", "order_index", "created_at", "section_id", "question_type", "fill_answer") VALUES (155,14,'She is ___ engineer.','a','an','the','???','B','engineer starts with vowel sound /e/ ??? an.',1,'2026-05-15 13:28:09',26,'multiple_choice',NULL);
INSERT INTO "grammar_questions" ("id", "lesson_id", "question", "option_a", "option_b", "option_c", "option_d", "correct", "explanation", "order_index", "created_at", "section_id", "question_type", "fill_answer") VALUES (156,14,'It was ___ unique experience.','an','a','the','???','B','unique starts with /j/ sound (consonant) ??? a.',2,'2026-05-15 13:28:09',26,'multiple_choice',NULL);
INSERT INTO "grammar_questions" ("id", "lesson_id", "question", "option_a", "option_b", "option_c", "option_d", "correct", "explanation", "order_index", "created_at", "section_id", "question_type", "fill_answer") VALUES (157,14,'He has ___ university degree.','an','a','the','???','B','university starts with /j/ sound ??? a.',3,'2026-05-15 13:28:09',26,'multiple_choice',NULL);
INSERT INTO "grammar_questions" ("id", "lesson_id", "question", "option_a", "option_b", "option_c", "option_d", "correct", "explanation", "order_index", "created_at", "section_id", "question_type", "fill_answer") VALUES (158,14,'I waited for ___ hour.','a','an','the','???','B','hour: silent h ??? vowel sound /a??/ ??? an.',4,'2026-05-15 13:28:09',26,'multiple_choice',NULL);
INSERT INTO "grammar_questions" ("id", "lesson_id", "question", "option_a", "option_b", "option_c", "option_d", "correct", "explanation", "order_index", "created_at", "section_id", "question_type", "fill_answer") VALUES (159,14,'She bought ___ umbrella.','a','an','the','???','B','umbrella starts with /??/ vowel sound ??? an.',5,'2026-05-15 13:28:09',26,'multiple_choice',NULL);
INSERT INTO "grammar_questions" ("id", "lesson_id", "question", "option_a", "option_b", "option_c", "option_d", "correct", "explanation", "order_index", "created_at", "section_id", "question_type", "fill_answer") VALUES (160,14,'That is ___ honest answer.','a','an','the','???','B','honest: silent h ??? vowel sound ??? an.',6,'2026-05-15 13:28:09',26,'multiple_choice',NULL);
INSERT INTO "grammar_questions" ("id", "lesson_id", "question", "option_a", "option_b", "option_c", "option_d", "correct", "explanation", "order_index", "created_at", "section_id", "question_type", "fill_answer") VALUES (161,14,'I want to become _____ actor.',NULL,NULL,NULL,NULL,NULL,'actor starts with vowel /??/ ??? an.',7,'2026-05-15 13:28:09',26,'fill_blank','an');
INSERT INTO "grammar_questions" ("id", "lesson_id", "question", "option_a", "option_b", "option_c", "option_d", "correct", "explanation", "order_index", "created_at", "section_id", "question_type", "fill_answer") VALUES (162,14,'___ Sun is a star.','A','An','The','(no article)','C','Unique things ??? the.',1,'2026-05-15 13:28:09',27,'multiple_choice',NULL);
INSERT INTO "grammar_questions" ("id", "lesson_id", "question", "option_a", "option_b", "option_c", "option_d", "correct", "explanation", "order_index", "created_at", "section_id", "question_type", "fill_answer") VALUES (163,14,'I love ___ music in general.','a','an','the','(no article)','D','General uncountable noun ??? no article.',2,'2026-05-15 13:28:09',27,'multiple_choice',NULL);
INSERT INTO "grammar_questions" ("id", "lesson_id", "question", "option_a", "option_b", "option_c", "option_d", "correct", "explanation", "order_index", "created_at", "section_id", "question_type", "fill_answer") VALUES (164,14,'___ Amazon is the longest river in South America.','A','An','The','(no article)','C','Rivers ??? the.',3,'2026-05-15 13:28:09',27,'multiple_choice',NULL);
INSERT INTO "grammar_questions" ("id", "lesson_id", "question", "option_a", "option_b", "option_c", "option_d", "correct", "explanation", "order_index", "created_at", "section_id", "question_type", "fill_answer") VALUES (165,14,'She speaks ___ French fluently.','a','an','the','(no article)','D','Languages ??? no article.',4,'2026-05-15 13:28:09',27,'multiple_choice',NULL);
INSERT INTO "grammar_questions" ("id", "lesson_id", "question", "option_a", "option_b", "option_c", "option_d", "correct", "explanation", "order_index", "created_at", "section_id", "question_type", "fill_answer") VALUES (166,14,'I saw a dog in the park. ___ dog was very friendly.','A','An','The','(no article)','C','Second mention, specific ??? the.',5,'2026-05-15 13:28:09',27,'multiple_choice',NULL);
INSERT INTO "grammar_questions" ("id", "lesson_id", "question", "option_a", "option_b", "option_c", "option_d", "correct", "explanation", "order_index", "created_at", "section_id", "question_type", "fill_answer") VALUES (167,14,'We eat ___ breakfast at 7 every morning.','a','an','the','(no article)','D','Meals without adjective ??? no article.',6,'2026-05-15 13:28:09',27,'multiple_choice',NULL);
INSERT INTO "grammar_questions" ("id", "lesson_id", "question", "option_a", "option_b", "option_c", "option_d", "correct", "explanation", "order_index", "created_at", "section_id", "question_type", "fill_answer") VALUES (168,14,'_____ Pacific Ocean is the largest ocean on Earth.',NULL,NULL,NULL,NULL,NULL,'Oceans ??? the.',7,'2026-05-15 13:28:09',27,'fill_blank','The');
INSERT INTO "grammar_questions" ("id", "lesson_id", "question", "option_a", "option_b", "option_c", "option_d", "correct", "explanation", "order_index", "created_at", "section_id", "question_type", "fill_answer") VALUES (169,15,'\"I am tired.\" ??? She said she ___ tired.','is','was','were','will be','B','Present Simple ??? Past Simple.',1,'2026-05-15 13:28:09',28,'multiple_choice',NULL);
INSERT INTO "grammar_questions" ("id", "lesson_id", "question", "option_a", "option_b", "option_c", "option_d", "correct", "explanation", "order_index", "created_at", "section_id", "question_type", "fill_answer") VALUES (170,15,'\"I will call you.\" ??? He said he ___ call me.','will','would','could','should','B','will ??? would.',2,'2026-05-15 13:28:09',28,'multiple_choice',NULL);
INSERT INTO "grammar_questions" ("id", "lesson_id", "question", "option_a", "option_b", "option_c", "option_d", "correct", "explanation", "order_index", "created_at", "section_id", "question_type", "fill_answer") VALUES (171,15,'\"We are leaving now.\" ??? They said they ___ leaving.','are','were','was','will be','B','Present Continuous ??? Past Continuous.',3,'2026-05-15 13:28:09',28,'multiple_choice',NULL);
INSERT INTO "grammar_questions" ("id", "lesson_id", "question", "option_a", "option_b", "option_c", "option_d", "correct", "explanation", "order_index", "created_at", "section_id", "question_type", "fill_answer") VALUES (172,15,'\"I can swim.\" ??? She said she ___ swim.','can','could','would','should','B','can ??? could.',4,'2026-05-15 13:28:09',28,'multiple_choice',NULL);
INSERT INTO "grammar_questions" ("id", "lesson_id", "question", "option_a", "option_b", "option_c", "option_d", "correct", "explanation", "order_index", "created_at", "section_id", "question_type", "fill_answer") VALUES (173,15,'\"I have finished.\" ??? He said he ___ finished.','has','have','had','was','C','Present Perfect ??? Past Perfect.',5,'2026-05-15 13:28:09',28,'multiple_choice',NULL);
INSERT INTO "grammar_questions" ("id", "lesson_id", "question", "option_a", "option_b", "option_c", "option_d", "correct", "explanation", "order_index", "created_at", "section_id", "question_type", "fill_answer") VALUES (174,15,'\"I like coffee.\" ??? She told me she _____ coffee.',NULL,NULL,NULL,NULL,NULL,'Present Simple ??? Past Simple backshift.',6,'2026-05-15 13:28:09',28,'fill_blank','liked');
INSERT INTO "grammar_questions" ("id", "lesson_id", "question", "option_a", "option_b", "option_c", "option_d", "correct", "explanation", "order_index", "created_at", "section_id", "question_type", "fill_answer") VALUES (175,15,'\"Where do you live?\" ??? He asked where I ___.','live','lived','was living','did live','B','Wh-question reported: no do/does, tense backshift.',1,'2026-05-15 13:28:09',29,'multiple_choice',NULL);
INSERT INTO "grammar_questions" ("id", "lesson_id", "question", "option_a", "option_b", "option_c", "option_d", "correct", "explanation", "order_index", "created_at", "section_id", "question_type", "fill_answer") VALUES (176,15,'\"Do you like tea?\" ??? She asked ___ I liked tea.','that','if','what','whether','D','Yes/no questions: if or whether.',2,'2026-05-15 13:28:09',29,'multiple_choice',NULL);
INSERT INTO "grammar_questions" ("id", "lesson_id", "question", "option_a", "option_b", "option_c", "option_d", "correct", "explanation", "order_index", "created_at", "section_id", "question_type", "fill_answer") VALUES (177,15,'\"Are you coming?\" ??? She asked if I ___.','was coming','am coming','will come','came','A','Present Continuous ??? Past Continuous.',3,'2026-05-15 13:28:09',29,'multiple_choice',NULL);
INSERT INTO "grammar_questions" ("id", "lesson_id", "question", "option_a", "option_b", "option_c", "option_d", "correct", "explanation", "order_index", "created_at", "section_id", "question_type", "fill_answer") VALUES (178,15,'\"What time is it?\" ??? He asked what time ___.','it is','it was','is it','was it','B','Reported question: statement word order.',4,'2026-05-15 13:28:09',29,'multiple_choice',NULL);
INSERT INTO "grammar_questions" ("id", "lesson_id", "question", "option_a", "option_b", "option_c", "option_d", "correct", "explanation", "order_index", "created_at", "section_id", "question_type", "fill_answer") VALUES (179,15,'Which reported question is CORRECT?','She asked where did I work.','She asked where I worked.','She asked where I did work.','She asked where do I work.','B','Reported: statement word order (no auxiliary inversion).',5,'2026-05-15 13:28:09',29,'multiple_choice',NULL);
INSERT INTO "grammar_questions" ("id", "lesson_id", "question", "option_a", "option_b", "option_c", "option_d", "correct", "explanation", "order_index", "created_at", "section_id", "question_type", "fill_answer") VALUES (180,15,'\"Can you help me?\" ??? She asked _____ help her.',NULL,NULL,NULL,NULL,NULL,'if + subject + could (can ??? could).',6,'2026-05-15 13:28:09',29,'fill_blank','if I could');
INSERT INTO "grammar_questions" ("id", "lesson_id", "question", "option_a", "option_b", "option_c", "option_d", "correct", "explanation", "order_index", "created_at", "section_id", "question_type", "fill_answer") VALUES (181,15,'She ___ me that she was busy.','said','told','spoke','talked','B','tell + person: told me.',1,'2026-05-15 13:28:09',30,'multiple_choice',NULL);
INSERT INTO "grammar_questions" ("id", "lesson_id", "question", "option_a", "option_b", "option_c", "option_d", "correct", "explanation", "order_index", "created_at", "section_id", "question_type", "fill_answer") VALUES (182,15,'He ___ that he would be late.','told','said','told me','spoke','B','say + that: said (no direct object).',2,'2026-05-15 13:28:09',30,'multiple_choice',NULL);
INSERT INTO "grammar_questions" ("id", "lesson_id", "question", "option_a", "option_b", "option_c", "option_d", "correct", "explanation", "order_index", "created_at", "section_id", "question_type", "fill_answer") VALUES (183,15,'\"I went to Paris.\" ??? She said she ___ to Paris.','went','had gone','has gone','goes','B','Past Simple ??? Past Perfect.',3,'2026-05-15 13:28:09',30,'multiple_choice',NULL);
INSERT INTO "grammar_questions" ("id", "lesson_id", "question", "option_a", "option_b", "option_c", "option_d", "correct", "explanation", "order_index", "created_at", "section_id", "question_type", "fill_answer") VALUES (184,15,'Which sentence is INCORRECT?','She told that she was tired.','She said that she was tired.','She told me that she was tired.','She said she was tired.','A','tell needs an object: told me/him/her.',4,'2026-05-15 13:28:09',30,'multiple_choice',NULL);
INSERT INTO "grammar_questions" ("id", "lesson_id", "question", "option_a", "option_b", "option_c", "option_d", "correct", "explanation", "order_index", "created_at", "section_id", "question_type", "fill_answer") VALUES (185,15,'\"I was sleeping.\" ??? He said he ___ sleeping.','was','had been','is','were','B','Past Continuous ??? Past Perfect Continuous.',5,'2026-05-15 13:28:09',30,'multiple_choice',NULL);
INSERT INTO "grammar_questions" ("id", "lesson_id", "question", "option_a", "option_b", "option_c", "option_d", "correct", "explanation", "order_index", "created_at", "section_id", "question_type", "fill_answer") VALUES (186,15,'\"We are waiting outside.\" ??? They said they _____ outside.',NULL,NULL,NULL,NULL,NULL,'Present Continuous ??? Past Continuous.',6,'2026-05-15 13:28:09',30,'fill_blank','were waiting');
INSERT INTO "grammar_questions" ("id", "lesson_id", "question", "option_a", "option_b", "option_c", "option_d", "correct", "explanation", "order_index", "created_at", "section_id", "question_type", "fill_answer") VALUES (187,16,'This box is ___ than that one. (heavy)','more heavy','heavier','heavyer','most heavy','B','1-syllable CVC: double consonant + er.',1,'2026-05-15 13:28:09',31,'multiple_choice',NULL);
INSERT INTO "grammar_questions" ("id", "lesson_id", "question", "option_a", "option_b", "option_c", "option_d", "correct", "explanation", "order_index", "created_at", "section_id", "question_type", "fill_answer") VALUES (188,16,'She is ___ than her sister. (tall)','more tall','tallest','taller','most tall','C','1-syllable ??? + er.',2,'2026-05-15 13:28:09',31,'multiple_choice',NULL);
INSERT INTO "grammar_questions" ("id", "lesson_id", "question", "option_a", "option_b", "option_c", "option_d", "correct", "explanation", "order_index", "created_at", "section_id", "question_type", "fill_answer") VALUES (189,16,'This film is ___ than the book. (interesting)','interestinger','most interesting','more interesting','interestingest','C','3+ syllables ??? more + adjective.',3,'2026-05-15 13:28:09',31,'multiple_choice',NULL);
INSERT INTO "grammar_questions" ("id", "lesson_id", "question", "option_a", "option_b", "option_c", "option_d", "correct", "explanation", "order_index", "created_at", "section_id", "question_type", "fill_answer") VALUES (190,16,'His English is ___ than mine. (good)','more good','gooder','best','better','D','good ??? better (irregular).',4,'2026-05-15 13:28:09',31,'multiple_choice',NULL);
INSERT INTO "grammar_questions" ("id", "lesson_id", "question", "option_a", "option_b", "option_c", "option_d", "correct", "explanation", "order_index", "created_at", "section_id", "question_type", "fill_answer") VALUES (191,16,'Today is ___ than yesterday. (bad)','more bad','badder','worse','worst','C','bad ??? worse (irregular).',5,'2026-05-15 13:28:09',31,'multiple_choice',NULL);
INSERT INTO "grammar_questions" ("id", "lesson_id", "question", "option_a", "option_b", "option_c", "option_d", "correct", "explanation", "order_index", "created_at", "section_id", "question_type", "fill_answer") VALUES (192,16,'She is _____ (happy) than she was last year.',NULL,NULL,NULL,NULL,NULL,'happy: consonant+y ??? ier.',6,'2026-05-15 13:28:09',31,'fill_blank','happier');
INSERT INTO "grammar_questions" ("id", "lesson_id", "question", "option_a", "option_b", "option_c", "option_d", "correct", "explanation", "order_index", "created_at", "section_id", "question_type", "fill_answer") VALUES (193,16,'This road is _____ (dangerous) than the other one.',NULL,NULL,NULL,NULL,NULL,'3+ syllables ??? more + adjective.',7,'2026-05-15 13:28:09',31,'fill_blank','more dangerous');
INSERT INTO "grammar_questions" ("id", "lesson_id", "question", "option_a", "option_b", "option_c", "option_d", "correct", "explanation", "order_index", "created_at", "section_id", "question_type", "fill_answer") VALUES (194,16,'Mount Everest is ___ mountain in the world. (high)','highest','the highest','most high','the most high','B','Superlative: the + adjective + est.',1,'2026-05-15 13:28:09',32,'multiple_choice',NULL);
INSERT INTO "grammar_questions" ("id", "lesson_id", "question", "option_a", "option_b", "option_c", "option_d", "correct", "explanation", "order_index", "created_at", "section_id", "question_type", "fill_answer") VALUES (195,16,'She is ___ student in the class. (intelligent)','the most intelligent','the intelligentst','the intelligenter','most intelligent','A','3+ syllables ??? the most + adjective.',2,'2026-05-15 13:28:09',32,'multiple_choice',NULL);
INSERT INTO "grammar_questions" ("id", "lesson_id", "question", "option_a", "option_b", "option_c", "option_d", "correct", "explanation", "order_index", "created_at", "section_id", "question_type", "fill_answer") VALUES (196,16,'He is ___ person I know. (funny)','the most funny','funniest','the funniest','most funniest','C','funny: y ??? iest, add the.',3,'2026-05-15 13:28:09',32,'multiple_choice',NULL);
INSERT INTO "grammar_questions" ("id", "lesson_id", "question", "option_a", "option_b", "option_c", "option_d", "correct", "explanation", "order_index", "created_at", "section_id", "question_type", "fill_answer") VALUES (197,16,'This is ___ film I have ever seen. (bad)','the baddest','the most bad','the worst','the worse','C','bad ??? the worst (irregular).',4,'2026-05-15 13:28:09',32,'multiple_choice',NULL);
INSERT INTO "grammar_questions" ("id", "lesson_id", "question", "option_a", "option_b", "option_c", "option_d", "correct", "explanation", "order_index", "created_at", "section_id", "question_type", "fill_answer") VALUES (198,16,'Who is ___ player on the team? (good)','the most good','the goodest','the better','the best','D','good ??? the best (irregular).',5,'2026-05-15 13:28:09',32,'multiple_choice',NULL);
INSERT INTO "grammar_questions" ("id", "lesson_id", "question", "option_a", "option_b", "option_c", "option_d", "correct", "explanation", "order_index", "created_at", "section_id", "question_type", "fill_answer") VALUES (199,16,'That was _____ (expensive) meal I have ever had.',NULL,NULL,NULL,NULL,NULL,'3+ syllables: the most + adjective.',6,'2026-05-15 13:28:09',32,'fill_blank','the most expensive');
INSERT INTO "grammar_questions" ("id", "lesson_id", "question", "option_a", "option_b", "option_c", "option_d", "correct", "explanation", "order_index", "created_at", "section_id", "question_type", "fill_answer") VALUES (200,16,'She is _____ (tall) girl in her school.',NULL,NULL,NULL,NULL,NULL,'1-syllable: the + adjective + est.',7,'2026-05-15 13:28:09',32,'fill_blank','the tallest');
INSERT INTO "grammar_questions" ("id", "lesson_id", "question", "option_a", "option_b", "option_c", "option_d", "correct", "explanation", "order_index", "created_at", "section_id", "question_type", "fill_answer") VALUES (201,16,'This bag is ___ that one. (equal weight)','as heavy than','as heavy as','heavy as','heavier as','B','Equal comparison: as + adjective + as.',1,'2026-05-15 13:28:09',33,'multiple_choice',NULL);
INSERT INTO "grammar_questions" ("id", "lesson_id", "question", "option_a", "option_b", "option_c", "option_d", "correct", "explanation", "order_index", "created_at", "section_id", "question_type", "fill_answer") VALUES (202,16,'He is ___ his father. (not same height)','not as tall as','not taller than','less tall that','not as tall that','A','Negative equal: not as + adjective + as.',2,'2026-05-15 13:28:09',33,'multiple_choice',NULL);
INSERT INTO "grammar_questions" ("id", "lesson_id", "question", "option_a", "option_b", "option_c", "option_d", "correct", "explanation", "order_index", "created_at", "section_id", "question_type", "fill_answer") VALUES (203,16,'She works ___ anyone in the office. (hardest)','as harder as','the hardest','the most hard','harder','B','Superlative: the hardest.',3,'2026-05-15 13:28:09',33,'multiple_choice',NULL);
INSERT INTO "grammar_questions" ("id", "lesson_id", "question", "option_a", "option_b", "option_c", "option_d", "correct", "explanation", "order_index", "created_at", "section_id", "question_type", "fill_answer") VALUES (204,16,'This puzzle is ___ I expected. (more difficult)','as difficult as','less difficult','more difficult than','the most difficult','C','Comparative: more + adj + than.',4,'2026-05-15 13:28:09',33,'multiple_choice',NULL);
INSERT INTO "grammar_questions" ("id", "lesson_id", "question", "option_a", "option_b", "option_c", "option_d", "correct", "explanation", "order_index", "created_at", "section_id", "question_type", "fill_answer") VALUES (205,16,'This is ___ decision he has ever made. (worst)','the worse','worst','the worst','the most bad','C','bad ??? the worst (irregular superlative).',5,'2026-05-15 13:28:09',33,'multiple_choice',NULL);
INSERT INTO "grammar_questions" ("id", "lesson_id", "question", "option_a", "option_b", "option_c", "option_d", "correct", "explanation", "order_index", "created_at", "section_id", "question_type", "fill_answer") VALUES (206,16,'She runs _____ (fast) as her brother.',NULL,NULL,NULL,NULL,NULL,'Equal comparison: as + adjective + as.',6,'2026-05-15 13:28:09',33,'fill_blank','as fast');

-- toeic_tests
INSERT INTO "toeic_tests" ("id", "title", "type", "duration_minutes", "difficulty", "description", "status", "created_by", "created_at") VALUES (1,'TOEIC Reading test 1 ','mini_test',120,'medium','Từ Part 5 - 6 - 7\n','public',1,'2026-05-15 22:30:52');

-- toeic_question_groups
INSERT INTO "toeic_question_groups" ("id", "test_id", "part_num", "group_order", "audio_url", "image_url", "passage", "transcript") VALUES (9,1,6,1,NULL,NULL,'Look to Riessler Landscaping for your Garden Needs\r\nRiessler Landscaping has everything you need to create your dream garden. We will listen to your ideas and offer suggestions that match your gardening desires. 131 The nursery here at Riessler Landscaping includes plants of many varieties and sizes that burst with eye-catching colors year-round. You are guaranteed to find something that will add 132 to your garden. We are 133 equipped to construct small ponds or other water features. And as our name suggests, we can take on more ambitious landscaping projects—whatever you need! With more than 40 years in the landscape—design business, 134 expertise is unmatched.',NULL);
INSERT INTO "toeic_question_groups" ("id", "test_id", "part_num", "group_order", "audio_url", "image_url", "passage", "transcript") VALUES (10,1,6,2,NULL,NULL,'10 JanuaryCindy Mulligan88 Manchester RoadHARROGATEHG82 2MJDear Ms. Mulligan,We are delighted to celebrate your 30th anniversary with Brandrix Distribution Centre. _135 Your dedication, loyalty, and hard work have contributed greatly to our success over the years. We appreciate your commitment to excellence. Over the years, you _136 great initiative, creativity, and leadership.You will 137 be receiving a commemorative plaque by post. We hope this token of our gratitude reminds you how much you mean to us.Congratulations on reaching this 138 Thank you for being part of our Brandrix family.Sincerely,Lance Powar, Vice President of Human ResourcesBrandrix Distribution Centre',NULL);
INSERT INTO "toeic_question_groups" ("id", "test_id", "part_num", "group_order", "audio_url", "image_url", "passage", "transcript") VALUES (11,1,6,3,NULL,NULL,'To: Kay Berman <kberman@xmail.com>From: Ali Chaleby <achaleby@ralenciadesign.com>Date: August 21Subject: Plans for living roomAttachment: SamplesDear Ms. Berman,My design team is in the process of 139 the plans for your living room. Based on our last conversation, I have chosen different paints for the walls and borders. Please review the attached file and decide whether you like those new 140 If not, it is not too late to make a change. 141 Your review will help us refine the design before we start.Please let 142 know if you have any questions. I look forward to hearing from you.Kind regards,Ali Chaleby, Ralencia Design',NULL);
INSERT INTO "toeic_question_groups" ("id", "test_id", "part_num", "group_order", "audio_url", "image_url", "passage", "transcript") VALUES (12,1,6,4,NULL,NULL,'To: Marsha Zalen <mzalen@mansfield.com>From: Kaymar PCP <info@kaymarpcp.com>Date: September 8Subject: Your recent office visitDear Ms. Zalen,Thank you for your recent visit to Kaymar Primary Care Practice. We hope you found our services (143) -------, and we welcome suggestions for improvement.We have posted a (144) ------- of your consultation on our portal. Please take a moment to go through it and let us know if you have any questions.As a reminder, you can log in to the portal for various activities. (145) -------, you can make appointments and payments, view your medical history, review lab results, and request medication refills. (146) -------. Rest assured that your personal information is safe and secure.We thank you for your business and look forward to serving you again.Kaymar Primary Care Practice',NULL);
INSERT INTO "toeic_question_groups" ("id", "test_id", "part_num", "group_order", "audio_url", "image_url", "passage", "transcript") VALUES (13,1,7,1,NULL,NULL,'Questions 147-148 refer to the following notice.\r\n\r\n\r\nDear High View Apartments Resident,\r\n\r\nRiverside Paving Company is coming to High View Apartments on May 3 and 4 to resurface the parking area. All vehicles must be removed by 8 A.M. on May 3 for the work to commence. Residents may use the parking area again starting on May 5 at 8 A.M. We realize that trying to find another place to park is inconvenient, but it is necessary for the job to be completed in the two days scheduled. Note that all parking spaces will be widened, and some spaces could be moved during the work. You will receive an e-mail if your parking space is moved more than 20 meters from your previous one.\r\n\r\nThank you for your cooperation, Judith Alvarez, Property Manager',NULL);
INSERT INTO "toeic_question_groups" ("id", "test_id", "part_num", "group_order", "audio_url", "image_url", "passage", "transcript") VALUES (14,1,7,2,NULL,'http://localhost:5000/uploads/toeic/1779961624364_26_05_23_02_02_13.png',NULL,NULL);

-- toeic_questions
INSERT INTO "toeic_questions" ("id", "test_id", "group_id", "part_num", "question_num", "question_text", "image_url", "audio_url", "option_a", "option_b", "option_c", "option_d", "correct_answer", "explanation", "order_index") VALUES (303,1,NULL,5,101,'The lecture will take place at 6:00 P.m., ------- which attendees may ask questions.',NULL,NULL,'across','after','inside','among','B','Chọn giới từ \"after\" (sau khi). \"After which\" đóng vai trò nối mệnh đề: bài giảng diễn ra lúc 6h tối, sau đó người tham gia có thể đặt câu hỏi.',1);
INSERT INTO "toeic_questions" ("id", "test_id", "group_id", "part_num", "question_num", "question_text", "image_url", "audio_url", "option_a", "option_b", "option_c", "option_d", "correct_answer", "explanation", "order_index") VALUES (304,1,NULL,5,102,'The ------- antique shop in Pepper Valley will close down next month.',NULL,NULL,'last','lasts','lasted','lasting','A','Cần một tính từ/từ xác định để bổ nghĩa cho cụm danh từ \"antique shop\". \"The last antique shop\" nghĩa là cửa hàng đồ cổ cuối cùng.',2);
INSERT INTO "toeic_questions" ("id", "test_id", "group_id", "part_num", "question_num", "question_text", "image_url", "audio_url", "option_a", "option_b", "option_c", "option_d", "correct_answer", "explanation", "order_index") VALUES (305,1,NULL,5,103,'Merryville residents will receive an online status -----— about the ongoing bridge construction project.',NULL,NULL,'update','change','payment','request','A','Dựa vào ngữ cảnh, người dân sẽ nhận được một sự \"status update\" (cập nhật trạng thái) trực tuyến về dự án xây dựng cầu.',3);
INSERT INTO "toeic_questions" ("id", "test_id", "group_id", "part_num", "question_num", "question_text", "image_url", "audio_url", "option_a", "option_b", "option_c", "option_d", "correct_answer", "explanation", "order_index") VALUES (306,1,NULL,5,104,'As a result of ------- many years leading media organizations, Ms. Ayo was selected for the Dowel Journalism Prize.',NULL,NULL,'she','her','hers','herself','B','Cần tính từ sở hữu \"her\" để đứng trước cụm danh từ/V-ing \"many years leading...\".',4);
INSERT INTO "toeic_questions" ("id", "test_id", "group_id", "part_num", "question_num", "question_text", "image_url", "audio_url", "option_a", "option_b", "option_c", "option_d", "correct_answer", "explanation", "order_index") VALUES (307,1,NULL,5,105,'To stop the ------- of computer viruses, do not open suspicious e-mails.',NULL,NULL,'break','spread','balance','surface','B','Cần danh từ phù hợp ngữ nghĩa: \"stop the spread of computer viruses\" (ngăn chặn sự lây lan của virus máy tính).',5);
INSERT INTO "toeic_questions" ("id", "test_id", "group_id", "part_num", "question_num", "question_text", "image_url", "audio_url", "option_a", "option_b", "option_c", "option_d", "correct_answer", "explanation", "order_index") VALUES (308,1,NULL,5,106,'The hiring manager ------- considered each applicant''s résumé and qualifications.',NULL,NULL,'caring','careful','carefully','carefulness','C','Cần một trạng từ (adv) \"carefully\" để bổ nghĩa cho động từ \"considered\".',6);
INSERT INTO "toeic_questions" ("id", "test_id", "group_id", "part_num", "question_num", "question_text", "image_url", "audio_url", "option_a", "option_b", "option_c", "option_d", "correct_answer", "explanation", "order_index") VALUES (309,1,NULL,5,107,'In October, Mr. Sakamoto will leave for New Zealand ------- will oversee the opening of the new Auckland branch.',NULL,NULL,'because','in addition','and','prior to','C','Cần một liên từ nối hai mệnh đề có cùng chủ ngữ (Mr. Sakamoto): rời đến New Zealand \"and\" (và) sẽ giám sát việc khai trương chi nhánh.',7);
INSERT INTO "toeic_questions" ("id", "test_id", "group_id", "part_num", "question_num", "question_text", "image_url", "audio_url", "option_a", "option_b", "option_c", "option_d", "correct_answer", "explanation", "order_index") VALUES (310,1,NULL,5,108,'Tarateer Pharmaceuticals is varying its product ------- to include over-the-counter medications.',NULL,NULL,'to line','lining','lined','line','D','Cụm danh từ ghép quen thuộc: \"product line\" (dòng sản phẩm).',8);
INSERT INTO "toeic_questions" ("id", "test_id", "group_id", "part_num", "question_num", "question_text", "image_url", "audio_url", "option_a", "option_b", "option_c", "option_d", "correct_answer", "explanation", "order_index") VALUES (311,1,NULL,5,109,'Dynart, Inc., continuously ------- new ways to reduce its use of plastics.',NULL,NULL,'seeks','seeker','to seek','seeking','A','Chủ ngữ \"Dynart, Inc.\" là danh từ số ít, trạng từ \"continuously\", nên cần một động từ chính chia ở thì hiện tại đơn số ít: \"seeks\".',9);
INSERT INTO "toeic_questions" ("id", "test_id", "group_id", "part_num", "question_num", "question_text", "image_url", "audio_url", "option_a", "option_b", "option_c", "option_d", "correct_answer", "explanation", "order_index") VALUES (312,1,NULL,5,110,'The cash registers at Pirkle Books automatically ------- the remaining inventory of books available.',NULL,NULL,'calculate','calculator','calculating','calculation','A','Chủ ngữ là số nhiều \"The cash registers\", trạng từ \"automatically\", cần một động từ chính (V) nguyên mẫu: \"calculate\" (tính toán).',10);
INSERT INTO "toeic_questions" ("id", "test_id", "group_id", "part_num", "question_num", "question_text", "image_url", "audio_url", "option_a", "option_b", "option_c", "option_d", "correct_answer", "explanation", "order_index") VALUES (313,1,NULL,5,111,'The product team is designing mapping software that can ------- locate underground minerals.',NULL,NULL,'infinitely','sincerely','precisely','greatly','C','Cần trạng từ phù hợp nghĩa: \"precisely locate\" (định vị một cách chính xác) khoáng sản dưới lòng đất.',11);
INSERT INTO "toeic_questions" ("id", "test_id", "group_id", "part_num", "question_num", "question_text", "image_url", "audio_url", "option_a", "option_b", "option_c", "option_d", "correct_answer", "explanation", "order_index") VALUES (314,1,NULL,5,112,'According to CEO Mayu Yamada, it would not be ------- responsible to expand the warehouse at this time.',NULL,NULL,'finance','financials','financially','financing','C','Cần một trạng từ (adv) \"financially\" để bổ nghĩa cho tính từ \"responsible\" đứng phía sau.',12);
INSERT INTO "toeic_questions" ("id", "test_id", "group_id", "part_num", "question_num", "question_text", "image_url", "audio_url", "option_a", "option_b", "option_c", "option_d", "correct_answer", "explanation", "order_index") VALUES (315,1,NULL,5,113,'Analysts cannot say with any ------- what the regional demand for electric trucks will be.',NULL,NULL,'certainty','justice','excellence','denial','A','Sau cụm \"with any\" cần một danh từ. Cụm từ phù hợp nghĩa là \"with any certainty\" (với bất kỳ sự chắc chắn nào).',13);
INSERT INTO "toeic_questions" ("id", "test_id", "group_id", "part_num", "question_num", "question_text", "image_url", "audio_url", "option_a", "option_b", "option_c", "option_d", "correct_answer", "explanation", "order_index") VALUES (316,1,NULL,5,114,'As part of its marketing campaign, Elegancia Dishware is ------- soliciting feedback from customers.',NULL,NULL,'lightly','loyally','actively','cleanly','C','Cần trạng từ phù hợp nghĩa: \"actively soliciting feedback\" (chủ động kêu gọi/thu thập phản hồi).',14);
INSERT INTO "toeic_questions" ("id", "test_id", "group_id", "part_num", "question_num", "question_text", "image_url", "audio_url", "option_a", "option_b", "option_c", "option_d", "correct_answer", "explanation", "order_index") VALUES (317,1,NULL,5,115,'Rain gardens are intended to ------- water to prevent flooding of local roads.',NULL,NULL,'engage','undergo','absorb','overwhelm','C','Chọn động từ đúng nghĩa: vườn thấm nước mưa được thiết kế để \"absorb water\" (hấp thụ/thấm nước) nhằm ngăn ngập lụt.',15);
INSERT INTO "toeic_questions" ("id", "test_id", "group_id", "part_num", "question_num", "question_text", "image_url", "audio_url", "option_a", "option_b", "option_c", "option_d", "correct_answer", "explanation", "order_index") VALUES (318,1,NULL,5,116,'Theta Industries’ training program aims to increase the ------- of its manufacturing systems.',NULL,NULL,'producer','produced','productive','productivity','D','Sau mạo từ \"the\" và trước giới từ \"of\" cần một danh từ đóng vai trò tân ngữ: \"productivity\" (năng suất).',16);
INSERT INTO "toeic_questions" ("id", "test_id", "group_id", "part_num", "question_num", "question_text", "image_url", "audio_url", "option_a", "option_b", "option_c", "option_d", "correct_answer", "explanation", "order_index") VALUES (319,1,NULL,5,117,'The board of directors has voted to award Mr. Mitrakos a bonus for his role ------ obtaining the international contract.',NULL,NULL,'in','at','except','apart','A','Đi với cấu trúc cố định: \"one''s role in doing something\" (vai trò của ai đó trong việc làm gì).',17);
INSERT INTO "toeic_questions" ("id", "test_id", "group_id", "part_num", "question_num", "question_text", "image_url", "audio_url", "option_a", "option_b", "option_c", "option_d", "correct_answer", "explanation", "order_index") VALUES (320,1,NULL,5,118,'The finance director gave his approval ------- the project can move forward.',NULL,NULL,'along','furthermore','cautiously','so that','D','Cần một liên từ chỉ mục đích để nối hai mệnh đề: Giám đốc tài chính đã phê duyệt \"so that\" (để mà) dự án có thể tiến triển.',18);
INSERT INTO "toeic_questions" ("id", "test_id", "group_id", "part_num", "question_num", "question_text", "image_url", "audio_url", "option_a", "option_b", "option_c", "option_d", "correct_answer", "explanation", "order_index") VALUES (321,1,NULL,5,119,'The newspaper article describes ways job seekers can ------- for having little workplace experience.',NULL,NULL,'reply','capture','compensate','accumulate','C','Đi với cấu trúc \"compensate for something\" (bù đắp cho cái gì). Người tìm việc có thể bù đắp cho việc thiếu kinh nghiệm.',19);
INSERT INTO "toeic_questions" ("id", "test_id", "group_id", "part_num", "question_num", "question_text", "image_url", "audio_url", "option_a", "option_b", "option_c", "option_d", "correct_answer", "explanation", "order_index") VALUES (322,1,NULL,5,120,'Mr. Ellis and Ms. Barnes were both highly qualified, but ------- got the job.',NULL,NULL,'myself','neither','anybody','whoever','B','Ngữ cảnh có 2 người (Mr. Ellis & Ms. Barnes) nhưng có từ nối tương phản \"but\" (nhưng), suy ra kết quả phủ định: \"neither got the job\" (không ai trong hai người nhận được việc).',20);
INSERT INTO "toeic_questions" ("id", "test_id", "group_id", "part_num", "question_num", "question_text", "image_url", "audio_url", "option_a", "option_b", "option_c", "option_d", "correct_answer", "explanation", "order_index") VALUES (323,1,NULL,5,121,'Ennis Photography purchased all new lighting equipment ------- the high cost.',NULL,NULL,'even though','however','until','despite','D','Phía sau chỗ trống là một cụm danh từ \"the high cost\", do đó cần giới từ chỉ sự nhượng bộ: \"despite\" (mặc dù).',21);
INSERT INTO "toeic_questions" ("id", "test_id", "group_id", "part_num", "question_num", "question_text", "image_url", "audio_url", "option_a", "option_b", "option_c", "option_d", "correct_answer", "explanation", "order_index") VALUES (324,1,NULL,5,122,'Marburton residents who wish to ------- a home should contact the award-winning team at Kwan Real Estate.',NULL,NULL,'seller','sold','sell','selling','C','Sau cấu trúc \"wish to\" cần một động từ nguyên mẫu (V-bare): \"sell\" (bán nhà).',22);
INSERT INTO "toeic_questions" ("id", "test_id", "group_id", "part_num", "question_num", "question_text", "image_url", "audio_url", "option_a", "option_b", "option_c", "option_d", "correct_answer", "explanation", "order_index") VALUES (325,1,NULL,5,123,'Maswa Bistro began a ------- agreement with local farmers to purchase a set amount of produce each week.',NULL,NULL,'disruptive','cooperative','grateful','concerned','B','Cần một tính từ hợp nghĩa để bổ nghĩa cho \"agreement\": \"cooperative agreement\" (thỏa thuận hợp tác).',23);
INSERT INTO "toeic_questions" ("id", "test_id", "group_id", "part_num", "question_num", "question_text", "image_url", "audio_url", "option_a", "option_b", "option_c", "option_d", "correct_answer", "explanation", "order_index") VALUES (326,1,NULL,5,124,'The City of Doyle’s new downtown parking ------- have been met with opposition by residents and visitors.',NULL,NULL,'restricts','restricted','restrictions','restricting','C','Động từ chính phía sau chia số nhiều là \"have been\", suy ra vị trí này cần một danh từ số nhiều làm chủ ngữ chính: \"parking restrictions\" (các quy định hạn chế đỗ xe).',24);
INSERT INTO "toeic_questions" ("id", "test_id", "group_id", "part_num", "question_num", "question_text", "image_url", "audio_url", "option_a", "option_b", "option_c", "option_d", "correct_answer", "explanation", "order_index") VALUES (327,1,NULL,5,125,'The plumbing position requires extensive training, even for those who studied ------- in technical school.',NULL,NULL,'diligently','scientifically','objectively','decidedly','A','Cần một trạng từ bổ nghĩa cho động từ \"studied\". Xét về nghĩa, \"studied diligently\" (học hành chăm chỉ) là phù hợp nhất.',25);
INSERT INTO "toeic_questions" ("id", "test_id", "group_id", "part_num", "question_num", "question_text", "image_url", "audio_url", "option_a", "option_b", "option_c", "option_d", "correct_answer", "explanation", "order_index") VALUES (328,1,NULL,5,126,'With its fixed price -------, Omega Cellular guarantees no phone bill increases for three years.',NULL,NULL,'assurance','assuredly','assuring','assures','A','Cần một danh từ đứng sau cụm \"fixed price\" tạo thành một cụm danh từ: \"fixed price assurance\" (sự đảm bảo giá cố định).',26);
INSERT INTO "toeic_questions" ("id", "test_id", "group_id", "part_num", "question_num", "question_text", "image_url", "audio_url", "option_a", "option_b", "option_c", "option_d", "correct_answer", "explanation", "order_index") VALUES (329,1,NULL,5,127,'As chief analytics officer, Mr. Ko has worked at Lochston Ltd. with great ------ for more than twenty years.',NULL,NULL,'deduction','duplication','declaration','dedication','D','Sau cụm \"with great\" cần một danh từ thể hiện tính chất tích cực trong công việc: \"dedication\" (sự cống hiến).',27);
INSERT INTO "toeic_questions" ("id", "test_id", "group_id", "part_num", "question_num", "question_text", "image_url", "audio_url", "option_a", "option_b", "option_c", "option_d", "correct_answer", "explanation", "order_index") VALUES (330,1,NULL,5,128,'Milltown Hospital''s cafeteria serves lunch seven days a week ------- only on weekdays.',NULL,NULL,'up to','as though','each time','rather than','D','Cần cụm từ mang nghĩa loại trừ/so sánh: phục vụ bữa trưa 7 ngày một tuần \"rather than\" (thay vì) chỉ vào các ngày trong tuần.',28);
INSERT INTO "toeic_questions" ("id", "test_id", "group_id", "part_num", "question_num", "question_text", "image_url", "audio_url", "option_a", "option_b", "option_c", "option_d", "correct_answer", "explanation", "order_index") VALUES (331,1,NULL,5,129,'The store''s entire inventory of lumber comes from a nearby ------- supplier.',NULL,NULL,'financial','promotional','chemical','commercial','D','Cần tính từ hợp ngữ cảnh để bổ nghĩa cho \"supplier\": \"commercial supplier\" (nhà cung cấp thương mại).',29);
INSERT INTO "toeic_questions" ("id", "test_id", "group_id", "part_num", "question_num", "question_text", "image_url", "audio_url", "option_a", "option_b", "option_c", "option_d", "correct_answer", "explanation", "order_index") VALUES (332,1,NULL,5,130,'For a $95 ------- fee, our mechanics will determine what repairs are needed.',NULL,NULL,'diagnosed','diagnostic','diagnosable','diagnose','B','Cần một tính từ đi kèm tạo thành cụm từ chuyên ngành: \"diagnostic fee\" (phí chẩn đoán/kiểm tra lỗi).',30);
INSERT INTO "toeic_questions" ("id", "test_id", "group_id", "part_num", "question_num", "question_text", "image_url", "audio_url", "option_a", "option_b", "option_c", "option_d", "correct_answer", "explanation", "order_index") VALUES (365,1,9,6,131,'131 The nursery here at Riessler Landscaping includes plants...',NULL,NULL,'Staff members have written articles for the local newspaper.','Installing lights can enhance the effect of a well-designed garden.','Local competitors cannot beat the prices we charge.','Riessler Landscaping’s goal is to make your vision a reality.','D','Câu phía trước nói về việc lắng nghe ý tưởng và đưa ra gợi ý phù hợp với mong muốn của khách hàng, nên lựa chọn D (Mục tiêu của công ty là biến tầm nhìn của bạn thành hiện thực) là hợp lý nhất về logic.',1);
INSERT INTO "toeic_questions" ("id", "test_id", "group_id", "part_num", "question_num", "question_text", "image_url", "audio_url", "option_a", "option_b", "option_c", "option_d", "correct_answer", "explanation", "order_index") VALUES (366,1,9,6,132,'You are guaranteed to find something that will add 132 to your garden.',NULL,NULL,'years','space','beauty','moisture','C','Dựa vào ngữ cảnh phía trước nhắc đến \"rực rỡ với những màu sắc bắt mắt quanh năm\" (burst with eye-catching colors year-round), việc chọn \"beauty\" (vẻ đẹp) là phù hợp nhất để bổ nghĩa cho động từ \"add\".',2);
INSERT INTO "toeic_questions" ("id", "test_id", "group_id", "part_num", "question_num", "question_text", "image_url", "audio_url", "option_a", "option_b", "option_c", "option_d", "correct_answer", "explanation", "order_index") VALUES (367,1,9,6,133,'We are 133 equipped to construct small ponds or other water features.',NULL,NULL,'also','rarely','somehow','nevertheless','A','Dùng trạng từ \"also\" (cũng) để bổ sung thêm một dịch vụ/khả năng khác của công ty (xây hồ nhỏ hoặc các tính năng nước khác) bên cạnh việc cung cấp cây cảnh.',3);
INSERT INTO "toeic_questions" ("id", "test_id", "group_id", "part_num", "question_num", "question_text", "image_url", "audio_url", "option_a", "option_b", "option_c", "option_d", "correct_answer", "explanation", "order_index") VALUES (368,1,9,6,134,'With more than 40 years in the landscape—design business, 134 expertise is unmatched.',NULL,NULL,'its','our','others','their','B','Đại diện cho công ty đang tự giới thiệu (\"We will listen...\", \"our name suggests\"), do đó phải dùng tính từ sở hữu \"our\" (chuyên môn của chúng tôi là vô đối).',4);
INSERT INTO "toeic_questions" ("id", "test_id", "group_id", "part_num", "question_num", "question_text", "image_url", "audio_url", "option_a", "option_b", "option_c", "option_d", "correct_answer", "explanation", "order_index") VALUES (369,1,10,6,135,'We are delighted to celebrate your 30th anniversary with Brandrix Distribution Centre. _135',NULL,NULL,'We especially value our long-term customers.','Please join our holiday celebration.','Our annual report will be released soon.','You have been a valuable member of our team.','D','Thư chúc mừng kỷ niệm 30 năm làm việc của một nhân viên, câu D (Bạn đã luôn là một thành viên giá trị trong đội ngũ của chúng tôi) hoàn toàn khớp với mạch văn khen ngợi phía sau.',1);
INSERT INTO "toeic_questions" ("id", "test_id", "group_id", "part_num", "question_num", "question_text", "image_url", "audio_url", "option_a", "option_b", "option_c", "option_d", "correct_answer", "explanation", "order_index") VALUES (370,1,10,6,136,'Over the years, you _136 great initiative, creativity, and leadership.',NULL,NULL,'will show','must show','have shown','are showing','C','Dấu hiệu \"Over the years\" (Qua nhiều năm) phối hợp diễn tả hành động kéo dài từ quá khứ đến hiện tại, cần chia thì Hiện tại hoàn thành: \"have shown\".',2);
INSERT INTO "toeic_questions" ("id", "test_id", "group_id", "part_num", "question_num", "question_text", "image_url", "audio_url", "option_a", "option_b", "option_c", "option_d", "correct_answer", "explanation", "order_index") VALUES (371,1,10,6,137,'You will 137 be receiving a commemorative plaque by post.',NULL,NULL,'then','soon','instead','likewise','B','Trạng từ chỉ thời gian tương lai \"soon\" (sớm) đi kèm cấu trúc \"will soon be receiving\" để thông báo sự việc sắp diễn ra trong tương lai gần.',3);
INSERT INTO "toeic_questions" ("id", "test_id", "group_id", "part_num", "question_num", "question_text", "image_url", "audio_url", "option_a", "option_b", "option_c", "option_d", "correct_answer", "explanation", "order_index") VALUES (372,1,10,6,138,'Congratulations on reaching this 138',NULL,NULL,'milestone','consensus','destination','understanding','A','Lễ kỷ niệm 30 năm làm việc là một \"milestone\" (cột mốc) lớn trong sự nghiệp, dùng danh từ này mang ý nghĩa chúc mừng cực kỳ phù hợp.',4);
INSERT INTO "toeic_questions" ("id", "test_id", "group_id", "part_num", "question_num", "question_text", "image_url", "audio_url", "option_a", "option_b", "option_c", "option_d", "correct_answer", "explanation", "order_index") VALUES (373,1,11,6,139,'My design team is in the process of 139 the plans for your living room.',NULL,NULL,'finalizing','finalize','finalized','finalizes','A','Đi sau cấu trúc giới từ \"in the process of\" bắt buộc phải là một danh động từ (V-ing): \"finalizing\" (đang trong quá trình hoàn thiện).',1);
INSERT INTO "toeic_questions" ("id", "test_id", "group_id", "part_num", "question_num", "question_text", "image_url", "audio_url", "option_a", "option_b", "option_c", "option_d", "correct_answer", "explanation", "order_index") VALUES (374,1,11,6,140,'Please review the attached file and decide whether you like those new 140',NULL,NULL,'organizations','schedules','colors','times','C','Câu trước vừa nhắc tới việc chọn các loại sơn khác nhau cho tường và viền (\"different paints for the walls and borders\"), nên câu sau danh từ phù hợp nhất là \"colors\" (những màu sắc mới đó).',2);
INSERT INTO "toeic_questions" ("id", "test_id", "group_id", "part_num", "question_num", "question_text", "image_url", "audio_url", "option_a", "option_b", "option_c", "option_d", "correct_answer", "explanation", "order_index") VALUES (375,1,11,6,141,'If not, it is not too late to make a change. 141 Your review will help us refine the design before we start.',NULL,NULL,'I have already begun drawing up plans for your kitchen.','We are not planning to begin work for another two weeks.','Your living room is particularly spacious and airy.','We have not yet received your current payment.','B','Điền câu B (Chúng tôi dự kiến chưa bắt đầu thi công trong vòng 2 tuần tới) để làm rõ lý do tại sao \"vẫn chưa quá muộn để thay đổi\" (it is not too late to make a change).',3);
INSERT INTO "toeic_questions" ("id", "test_id", "group_id", "part_num", "question_num", "question_text", "image_url", "audio_url", "option_a", "option_b", "option_c", "option_d", "correct_answer", "explanation", "order_index") VALUES (376,1,11,6,142,'Please let 142 know if you have any questions.',NULL,NULL,'them','ours','his','me','D','Người viết thư ở ngôi thứ nhất số ít (\"I have chosen...\", \"I look forward\"), kết thư dùng cụm giao tiếp quen thuộc: \"Please let me know\" (Vui lòng cho tôi biết).',4);
INSERT INTO "toeic_questions" ("id", "test_id", "group_id", "part_num", "question_num", "question_text", "image_url", "audio_url", "option_a", "option_b", "option_c", "option_d", "correct_answer", "explanation", "order_index") VALUES (377,1,12,6,143,'We hope you found our services (143) -------',NULL,NULL,'satisfied','satisfaction','satisfactory','satisfactorily','C','Áp dụng cấu trúc: \"find something + adj\" (nhận thấy cái gì đó như thế nào). Dùng tính từ \"satisfactory\" (vừa ý, thỏa đáng) để mô tả tính chất cho \"our services\".',1);
INSERT INTO "toeic_questions" ("id", "test_id", "group_id", "part_num", "question_num", "question_text", "image_url", "audio_url", "option_a", "option_b", "option_c", "option_d", "correct_answer", "explanation", "order_index") VALUES (378,1,12,6,144,'We have posted a (144) ------- of your consultation on our portal.',NULL,NULL,'photo','lecture','summary','schedule','C','Sau khi đi khám bệnh/tư vấn, phòng khám thường đăng tải một bản \"summary\" (tóm tắt) nội dung cuộc kiểm tra lên hệ thống cổng thông tin portal để bệnh nhân dễ dàng xem lại.',2);
INSERT INTO "toeic_questions" ("id", "test_id", "group_id", "part_num", "question_num", "question_text", "image_url", "audio_url", "option_a", "option_b", "option_c", "option_d", "correct_answer", "explanation", "order_index") VALUES (379,1,12,6,145,'(145) -------, you can make appointments and payments...',NULL,NULL,'To repeat','For instance','Otherwise','Consequently','B','Phía sau đưa ra một loạt hành động cụ thể (đặt lịch, thanh toán, xem bệnh án...), đây là các ví dụ minh họa cho cụm \"various activities\" ở câu trước. Chọn \"For instance\" (Ví dụ như).',3);
INSERT INTO "toeic_questions" ("id", "test_id", "group_id", "part_num", "question_num", "question_text", "image_url", "audio_url", "option_a", "option_b", "option_c", "option_d", "correct_answer", "explanation", "order_index") VALUES (380,1,12,6,146,'request medication refills. (146) -------. Rest assured that your personal information is safe and secure.',NULL,NULL,'We hope you will use this resource to manage your health-care needs.','The staff will close the office early on Friday afternoons.','Please be sure to come to our office fifteen minutes in advance.','We apologize for any confusion about your appointment time.','A','Chọn câu A (Chúng tôi hy vọng bạn sẽ sử dụng nguồn tài nguyên này để quản lý các nhu cầu chăm sóc sức khỏe của mình) để đúc kết lại lợi ích của cổng thông tin portal vừa được liệt kê bên trên.',4);
INSERT INTO "toeic_questions" ("id", "test_id", "group_id", "part_num", "question_num", "question_text", "image_url", "audio_url", "option_a", "option_b", "option_c", "option_d", "correct_answer", "explanation", "order_index") VALUES (381,1,13,7,147,'What is the purpose of the notice?',NULL,NULL,'To invite residents to a meeting on May 3','To request feedback about parking facilities','To inform residents of an upcoming project','To announce an increase in parking fees','C','Thông báo nói về việc công ty Riverside Paving Company sẽ đến trải lại bề mặt khu vực đỗ xe (resurface the parking area), đây là một dự án sắp diễn ra nên chọn C.',1);
INSERT INTO "toeic_questions" ("id", "test_id", "group_id", "part_num", "question_num", "question_text", "image_url", "audio_url", "option_a", "option_b", "option_c", "option_d", "correct_answer", "explanation", "order_index") VALUES (382,1,13,7,148,'What is suggested about High View Apartments?',NULL,NULL,'It charges residents a monthly maintenance fee.','It recently hired a new property manager.','It has the parking area repaved every year.','It assigns tenants specific parking spots.','D','Bài đọc có câu: \"You will receive an e-mail if your parking space is moved more than 20 meters from your previous one\" (Bạn sẽ nhận email nếu chỗ đậu xe của bạn bị dịch chuyển...), chứng tỏ chung cư này có chỉ định vị trí đỗ xe cụ thể cho từng cư dân.',2);
INSERT INTO "toeic_questions" ("id", "test_id", "group_id", "part_num", "question_num", "question_text", "image_url", "audio_url", "option_a", "option_b", "option_c", "option_d", "correct_answer", "explanation", "order_index") VALUES (383,1,14,7,149,'What most likely is Ms. Seang''s job?',NULL,NULL,'Glassmaker','Art instructor','Beach lifeguard','Program administrator','B','Dựa vào nội dung đoạn hội thoại trong ảnh, Carol nhắc tới \"buổi hội thảo mosaic (ghép tranh) của cô vào ngày mai\", do đó cô Seang khả năng cao nhất là một giáo viên dạy nghệ thuật (Art instructor).',4);
INSERT INTO "toeic_questions" ("id", "test_id", "group_id", "part_num", "question_num", "question_text", "image_url", "audio_url", "option_a", "option_b", "option_c", "option_d", "correct_answer", "explanation", "order_index") VALUES (384,1,14,7,150,'At 11:23 A.M., what does Ms. Seang imply when she writes, \"I have plenty to go around\"?',NULL,NULL,'She intends to create an extra-large mosaic.','She has been collecting sea glass for many years.','She can share her sea glass with all the workshop participants.','She does not think she will use much of her sea glass.','C','Cụm từ \"plenty to go around\" trong ảnh nghĩa là có đủ cho tất cả mọi người, ám chỉ cô có thể chia sẻ số thủy tinh biển này cho toàn bộ học viên tham gia buổi hội thảo.',2);

SET session_replication_role = 'origin';
